<?xml version="1.0"?><gpx version="1.1" creator="test"><trk><name>Alpine Dam Loop</name><trkseg><trkpt lat="37.987167" lon="-122.588491"/><trkpt lat="37.987078" lon="-122.587469"/><trkpt lat="37.987070" lon="-122.587434"/><trkpt lat="37.987034" lon="-122.587423"/><trkpt lat="37.986915" lon="-122.587439"/><trkpt lat="37.986918" lon="-122.587476"/><trkpt lat="37.986937" lon="-122.587679"/><trkpt lat="37.987001" lon="-122.588369"/><trkpt lat="37.987005" lon="-122.588408"/><trkpt lat="37.987042" lon="-122.588806"/><trkpt lat="37.987053" lon="-122.588915"/><trkpt lat="37.986932" lon="-122.588982"/><trkpt lat="37.986579" lon="-122.589181"/><trkpt lat="37.986514" lon="-122.589217"/><trkpt lat="37.986435" lon="-122.589261"/><trkpt lat="37.986275" lon="-122.589349"/><trkpt lat="37.986017" lon="-122.589494"/><trkpt lat="37.985856" lon="-122.589582"/><trkpt lat="37.985817" lon="-122.589604"/><trkpt lat="37.985508" lon="-122.589782"/><trkpt lat="37.985399" lon="-122.589882"/><trkpt lat="37.985354" lon="-122.589946"/><trkpt lat="37.985324" lon="-122.590022"/><trkpt lat="37.985230" lon="-122.590314"/><trkpt lat="37.985133" lon="-122.590583"/><trkpt lat="37.985009" lon="-122.590836"/><trkpt lat="37.984811" lon="-122.591053"/><trkpt lat="37.984751" lon="-122.591098"/><trkpt lat="37.984698" lon="-122.591126"/><trkpt lat="37.984386" lon="-122.591307"/><trkpt lat="37.984319" lon="-122.591360"/><trkpt lat="37.984009" lon="-122.591674"/><trkpt lat="37.983944" lon="-122.591717"/><trkpt lat="37.983590" lon="-122.591887"/><trkpt lat="37.983133" lon="-122.592096"/><trkpt lat="37.983040" lon="-122.592149"/><trkpt lat="37.982969" lon="-122.592205"/><trkpt lat="37.982925" lon="-122.592260"/><trkpt lat="37.982615" lon="-122.592737"/><trkpt lat="37.982605" lon="-122.592751"/><trkpt lat="37.982455" lon="-122.592892"/><trkpt lat="37.982273" lon="-122.592879"/><trkpt lat="37.981962" lon="-122.592905"/><trkpt lat="37.981888" lon="-122.592903"/><trkpt lat="37.981743" lon="-122.592900"/><trkpt lat="37.981526" lon="-122.592899"/><trkpt lat="37.981286" lon="-122.592922"/><trkpt lat="37.981147" lon="-122.592964"/><trkpt lat="37.980898" lon="-122.593029"/><trkpt lat="37.980782" lon="-122.593044"/><trkpt lat="37.980718" lon="-122.593094"/><trkpt lat="37.980621" lon="-122.593188"/><trkpt lat="37.980550" lon="-122.593285"/><trkpt lat="37.980547" lon="-122.593331"/><trkpt lat="37.980569" lon="-122.593419"/><trkpt lat="37.980618" lon="-122.593558"/><trkpt lat="37.980636" lon="-122.593641"/><trkpt lat="37.980626" lon="-122.593759"/><trkpt lat="37.980578" lon="-122.593882"/><trkpt lat="37.980510" lon="-122.593998"/><trkpt lat="37.980459" lon="-122.594120"/><trkpt lat="37.980438" lon="-122.594213"/><trkpt lat="37.980442" lon="-122.594363"/><trkpt lat="37.980416" lon="-122.594436"/><trkpt lat="37.980204" lon="-122.594870"/><trkpt lat="37.980038" lon="-122.595114"/><trkpt lat="37.979641" lon="-122.595519"/><trkpt lat="37.979443" lon="-122.595849"/><trkpt lat="37.979344" lon="-122.595985"/><trkpt lat="37.979266" lon="-122.596077"/><trkpt lat="37.979039" lon="-122.596277"/><trkpt lat="37.978983" lon="-122.596337"/><trkpt lat="37.978932" lon="-122.596425"/><trkpt lat="37.978842" lon="-122.596663"/><trkpt lat="37.978800" lon="-122.596755"/><trkpt lat="37.978768" lon="-122.596802"/><trkpt lat="37.978730" lon="-122.596832"/><trkpt lat="37.978676" lon="-122.596859"/><trkpt lat="37.978634" lon="-122.596870"/><trkpt lat="37.978591" lon="-122.596874"/><trkpt lat="37.978521" lon="-122.596869"/><trkpt lat="37.978454" lon="-122.596855"/><trkpt lat="37.978272" lon="-122.596804"/><trkpt lat="37.978104" lon="-122.596782"/><trkpt lat="37.977960" lon="-122.596794"/><trkpt lat="37.977785" lon="-122.596846"/><trkpt lat="37.977686" lon="-122.596897"/><trkpt lat="37.977620" lon="-122.596937"/><trkpt lat="37.977549" lon="-122.596987"/><trkpt lat="37.977470" lon="-122.597078"/><trkpt lat="37.977273" lon="-122.597396"/><trkpt lat="37.977216" lon="-122.597453"/><trkpt lat="37.977120" lon="-122.597512"/><trkpt lat="37.976821" lon="-122.597663"/><trkpt lat="37.976726" lon="-122.597728"/><trkpt lat="37.976422" lon="-122.597855"/><trkpt lat="37.975856" lon="-122.597917"/><trkpt lat="37.975809" lon="-122.597924"/><trkpt lat="37.975687" lon="-122.597961"/><trkpt lat="37.975595" lon="-122.598007"/><trkpt lat="37.975538" lon="-122.598060"/><trkpt lat="37.975365" lon="-122.598269"/><trkpt lat="37.975276" lon="-122.598364"/><trkpt lat="37.975164" lon="-122.598440"/><trkpt lat="37.975052" lon="-122.598485"/><trkpt lat="37.974828" lon="-122.598510"/><trkpt lat="37.974728" lon="-122.598561"/><trkpt lat="37.973916" lon="-122.599301"/><trkpt lat="37.973845" lon="-122.599388"/><trkpt lat="37.973493" lon="-122.599813"/><trkpt lat="37.973344" lon="-122.600071"/><trkpt lat="37.973209" lon="-122.600394"/><trkpt lat="37.973087" lon="-122.600620"/><trkpt lat="37.972963" lon="-122.601000"/><trkpt lat="37.972894" lon="-122.601105"/><trkpt lat="37.972760" lon="-122.601256"/><trkpt lat="37.972686" lon="-122.601412"/><trkpt lat="37.972633" lon="-122.601955"/><trkpt lat="37.972678" lon="-122.602592"/><trkpt lat="37.972664" lon="-122.602728"/><trkpt lat="37.972606" lon="-122.602944"/><trkpt lat="37.972602" lon="-122.603126"/><trkpt lat="37.972765" lon="-122.603730"/><trkpt lat="37.972821" lon="-122.604042"/><trkpt lat="37.972829" lon="-122.604311"/><trkpt lat="37.972817" lon="-122.604576"/><trkpt lat="37.972816" lon="-122.604627"/><trkpt lat="37.972814" lon="-122.604777"/><trkpt lat="37.972819" lon="-122.604872"/><trkpt lat="37.972826" lon="-122.604952"/><trkpt lat="37.972853" lon="-122.605071"/><trkpt lat="37.972902" lon="-122.605258"/><trkpt lat="37.972930" lon="-122.605405"/><trkpt lat="37.972947" lon="-122.605563"/><trkpt lat="37.972951" lon="-122.605648"/><trkpt lat="37.972942" lon="-122.605922"/><trkpt lat="37.972926" lon="-122.606131"/><trkpt lat="37.972909" lon="-122.606364"/><trkpt lat="37.972907" lon="-122.606547"/><trkpt lat="37.972898" lon="-122.606648"/><trkpt lat="37.972881" lon="-122.606732"/><trkpt lat="37.972853" lon="-122.606808"/><trkpt lat="37.972741" lon="-122.607009"/><trkpt lat="37.972711" lon="-122.607086"/><trkpt lat="37.972701" lon="-122.607156"/><trkpt lat="37.972701" lon="-122.607222"/><trkpt lat="37.972716" lon="-122.607293"/><trkpt lat="37.972741" lon="-122.607360"/><trkpt lat="37.972784" lon="-122.607419"/><trkpt lat="37.972885" lon="-122.607510"/><trkpt lat="37.972942" lon="-122.607570"/><trkpt lat="37.972981" lon="-122.607631"/><trkpt lat="37.973019" lon="-122.607709"/><trkpt lat="37.973051" lon="-122.607793"/><trkpt lat="37.973070" lon="-122.607875"/><trkpt lat="37.973082" lon="-122.607960"/><trkpt lat="37.973079" lon="-122.608036"/><trkpt lat="37.973070" lon="-122.608110"/><trkpt lat="37.973009" lon="-122.608329"/><trkpt lat="37.972952" lon="-122.608539"/><trkpt lat="37.972942" lon="-122.608610"/><trkpt lat="37.972937" lon="-122.608686"/><trkpt lat="37.972937" lon="-122.608821"/><trkpt lat="37.972952" lon="-122.608974"/><trkpt lat="37.972985" lon="-122.609117"/><trkpt lat="37.973013" lon="-122.609242"/><trkpt lat="37.973025" lon="-122.609334"/><trkpt lat="37.973028" lon="-122.609416"/><trkpt lat="37.973019" lon="-122.609505"/><trkpt lat="37.973002" lon="-122.609601"/><trkpt lat="37.972916" lon="-122.609834"/><trkpt lat="37.972899" lon="-122.609926"/><trkpt lat="37.972898" lon="-122.610015"/><trkpt lat="37.972910" lon="-122.610125"/><trkpt lat="37.972948" lon="-122.610261"/><trkpt lat="37.972993" lon="-122.610389"/><trkpt lat="37.973021" lon="-122.610442"/><trkpt lat="37.973074" lon="-122.610519"/><trkpt lat="37.973127" lon="-122.610573"/><trkpt lat="37.973184" lon="-122.610620"/><trkpt lat="37.973305" lon="-122.610703"/><trkpt lat="37.973418" lon="-122.610786"/><trkpt lat="37.973459" lon="-122.610827"/><trkpt lat="37.973508" lon="-122.610897"/><trkpt lat="37.973540" lon="-122.610959"/><trkpt lat="37.973560" lon="-122.611030"/><trkpt lat="37.973577" lon="-122.611126"/><trkpt lat="37.973614" lon="-122.611525"/><trkpt lat="37.973651" lon="-122.612227"/><trkpt lat="37.973661" lon="-122.612431"/><trkpt lat="37.973672" lon="-122.612505"/><trkpt lat="37.973698" lon="-122.612621"/><trkpt lat="37.973759" lon="-122.612785"/><trkpt lat="37.973775" lon="-122.612855"/><trkpt lat="37.973778" lon="-122.612910"/><trkpt lat="37.973765" lon="-122.612984"/><trkpt lat="37.973711" lon="-122.613155"/><trkpt lat="37.973693" lon="-122.613249"/><trkpt lat="37.973681" lon="-122.613362"/><trkpt lat="37.973685" lon="-122.613429"/><trkpt lat="37.973715" lon="-122.613592"/><trkpt lat="37.973736" lon="-122.613703"/><trkpt lat="37.973753" lon="-122.613808"/><trkpt lat="37.973764" lon="-122.613916"/><trkpt lat="37.973789" lon="-122.614230"/><trkpt lat="37.973805" lon="-122.614351"/><trkpt lat="37.973827" lon="-122.614456"/><trkpt lat="37.973872" lon="-122.614535"/><trkpt lat="37.973926" lon="-122.614594"/><trkpt lat="37.973986" lon="-122.614638"/><trkpt lat="37.974081" lon="-122.614681"/><trkpt lat="37.974281" lon="-122.614755"/><trkpt lat="37.974356" lon="-122.614788"/><trkpt lat="37.974421" lon="-122.614831"/><trkpt lat="37.974478" lon="-122.614901"/><trkpt lat="37.974515" lon="-122.614958"/><trkpt lat="37.974543" lon="-122.615055"/><trkpt lat="37.974555" lon="-122.615139"/><trkpt lat="37.974551" lon="-122.615232"/><trkpt lat="37.974539" lon="-122.615311"/><trkpt lat="37.974512" lon="-122.615403"/><trkpt lat="37.974487" lon="-122.615474"/><trkpt lat="37.974433" lon="-122.615640"/><trkpt lat="37.974413" lon="-122.615737"/><trkpt lat="37.974406" lon="-122.615816"/><trkpt lat="37.974404" lon="-122.615896"/><trkpt lat="37.974417" lon="-122.615978"/><trkpt lat="37.974462" lon="-122.616079"/><trkpt lat="37.974491" lon="-122.616137"/><trkpt lat="37.974571" lon="-122.616272"/><trkpt lat="37.974632" lon="-122.616393"/><trkpt lat="37.974660" lon="-122.616484"/><trkpt lat="37.974674" lon="-122.616593"/><trkpt lat="37.974673" lon="-122.616687"/><trkpt lat="37.974665" lon="-122.616830"/><trkpt lat="37.974653" lon="-122.616965"/><trkpt lat="37.974641" lon="-122.617052"/><trkpt lat="37.974621" lon="-122.617136"/><trkpt lat="37.974577" lon="-122.617218"/><trkpt lat="37.974415" lon="-122.617419"/><trkpt lat="37.974363" lon="-122.617503"/><trkpt lat="37.974321" lon="-122.617591"/><trkpt lat="37.974296" lon="-122.617682"/><trkpt lat="37.974287" lon="-122.617770"/><trkpt lat="37.974297" lon="-122.617851"/><trkpt lat="37.974321" lon="-122.617926"/><trkpt lat="37.974360" lon="-122.617988"/><trkpt lat="37.974417" lon="-122.618059"/><trkpt lat="37.974549" lon="-122.618199"/><trkpt lat="37.974636" lon="-122.618292"/><trkpt lat="37.974698" lon="-122.618362"/><trkpt lat="37.974750" lon="-122.618432"/><trkpt lat="37.974785" lon="-122.618498"/><trkpt lat="37.974813" lon="-122.618574"/><trkpt lat="37.974829" lon="-122.618653"/><trkpt lat="37.974832" lon="-122.618737"/><trkpt lat="37.974820" lon="-122.618815"/><trkpt lat="37.974801" lon="-122.618881"/><trkpt lat="37.974761" lon="-122.618943"/><trkpt lat="37.974725" lon="-122.618982"/><trkpt lat="37.974638" lon="-122.619038"/><trkpt lat="37.974408" lon="-122.619164"/><trkpt lat="37.974328" lon="-122.619211"/><trkpt lat="37.974253" lon="-122.619269"/><trkpt lat="37.974203" lon="-122.619318"/><trkpt lat="37.974159" lon="-122.619373"/><trkpt lat="37.974125" lon="-122.619430"/><trkpt lat="37.974089" lon="-122.619508"/><trkpt lat="37.974040" lon="-122.619638"/><trkpt lat="37.973997" lon="-122.619734"/><trkpt lat="37.973944" lon="-122.619809"/><trkpt lat="37.973895" lon="-122.619851"/><trkpt lat="37.973854" lon="-122.619872"/><trkpt lat="37.973790" lon="-122.619889"/><trkpt lat="37.973704" lon="-122.619888"/><trkpt lat="37.973534" lon="-122.619871"/><trkpt lat="37.973432" lon="-122.619869"/><trkpt lat="37.973385" lon="-122.619876"/><trkpt lat="37.973354" lon="-122.619884"/><trkpt lat="37.973276" lon="-122.619912"/><trkpt lat="37.973183" lon="-122.619961"/><trkpt lat="37.973091" lon="-122.620018"/><trkpt lat="37.973043" lon="-122.620061"/><trkpt lat="37.972854" lon="-122.620275"/><trkpt lat="37.972818" lon="-122.620317"/><trkpt lat="37.972702" lon="-122.620463"/><trkpt lat="37.972380" lon="-122.620897"/><trkpt lat="37.972301" lon="-122.621000"/><trkpt lat="37.972238" lon="-122.621071"/><trkpt lat="37.972181" lon="-122.621125"/><trkpt lat="37.972119" lon="-122.621173"/><trkpt lat="37.971886" lon="-122.621299"/><trkpt lat="37.971793" lon="-122.621351"/><trkpt lat="37.971720" lon="-122.621422"/><trkpt lat="37.971663" lon="-122.621509"/><trkpt lat="37.971630" lon="-122.621600"/><trkpt lat="37.971604" lon="-122.621713"/><trkpt lat="37.971594" lon="-122.621870"/><trkpt lat="37.971601" lon="-122.622006"/><trkpt lat="37.971631" lon="-122.622203"/><trkpt lat="37.971763" lon="-122.622741"/><trkpt lat="37.971810" lon="-122.622901"/><trkpt lat="37.971883" lon="-122.623083"/><trkpt lat="37.971968" lon="-122.623227"/><trkpt lat="37.972070" lon="-122.623341"/><trkpt lat="37.972333" lon="-122.623553"/><trkpt lat="37.972457" lon="-122.623652"/><trkpt lat="37.972600" lon="-122.623754"/><trkpt lat="37.972732" lon="-122.623838"/><trkpt lat="37.972808" lon="-122.623881"/><trkpt lat="37.972872" lon="-122.623925"/><trkpt lat="37.972910" lon="-122.623963"/><trkpt lat="37.972937" lon="-122.624010"/><trkpt lat="37.972952" lon="-122.624061"/><trkpt lat="37.972957" lon="-122.624118"/><trkpt lat="37.972953" lon="-122.624173"/><trkpt lat="37.972935" lon="-122.624236"/><trkpt lat="37.972899" lon="-122.624320"/><trkpt lat="37.972820" lon="-122.624471"/><trkpt lat="37.972679" lon="-122.624732"/><trkpt lat="37.972637" lon="-122.624825"/><trkpt lat="37.972614" lon="-122.624895"/><trkpt lat="37.972597" lon="-122.624965"/><trkpt lat="37.972584" lon="-122.625065"/><trkpt lat="37.972584" lon="-122.625156"/><trkpt lat="37.972595" lon="-122.625272"/><trkpt lat="37.972613" lon="-122.625383"/><trkpt lat="37.972639" lon="-122.625479"/><trkpt lat="37.972671" lon="-122.625563"/><trkpt lat="37.972714" lon="-122.625647"/><trkpt lat="37.972765" lon="-122.625725"/><trkpt lat="37.972909" lon="-122.625928"/><trkpt lat="37.972977" lon="-122.626037"/><trkpt lat="37.973026" lon="-122.626131"/><trkpt lat="37.973062" lon="-122.626220"/><trkpt lat="37.973084" lon="-122.626295"/><trkpt lat="37.973091" lon="-122.626368"/><trkpt lat="37.973082" lon="-122.626453"/><trkpt lat="37.973058" lon="-122.626529"/><trkpt lat="37.973008" lon="-122.626596"/><trkpt lat="37.972945" lon="-122.626631"/><trkpt lat="37.972875" lon="-122.626643"/><trkpt lat="37.972789" lon="-122.626622"/><trkpt lat="37.972704" lon="-122.626566"/><trkpt lat="37.972642" lon="-122.626508"/><trkpt lat="37.972592" lon="-122.626430"/><trkpt lat="37.972512" lon="-122.626202"/><trkpt lat="37.972469" lon="-122.626111"/><trkpt lat="37.972423" lon="-122.626040"/><trkpt lat="37.972373" lon="-122.625983"/><trkpt lat="37.972305" lon="-122.625929"/><trkpt lat="37.972149" lon="-122.625839"/><trkpt lat="37.972078" lon="-122.625789"/><trkpt lat="37.972018" lon="-122.625713"/><trkpt lat="37.971961" lon="-122.625607"/><trkpt lat="37.971892" lon="-122.625460"/><trkpt lat="37.971842" lon="-122.625393"/><trkpt lat="37.971795" lon="-122.625351"/><trkpt lat="37.971740" lon="-122.625320"/><trkpt lat="37.971687" lon="-122.625308"/><trkpt lat="37.971630" lon="-122.625311"/><trkpt lat="37.971568" lon="-122.625329"/><trkpt lat="37.971505" lon="-122.625362"/><trkpt lat="37.971443" lon="-122.625404"/><trkpt lat="37.971120" lon="-122.625650"/><trkpt lat="37.971054" lon="-122.625703"/><trkpt lat="37.971001" lon="-122.625758"/><trkpt lat="37.970952" lon="-122.625827"/><trkpt lat="37.970903" lon="-122.625907"/><trkpt lat="37.970867" lon="-122.625997"/><trkpt lat="37.970840" lon="-122.626092"/><trkpt lat="37.970806" lon="-122.626243"/><trkpt lat="37.970779" lon="-122.626336"/><trkpt lat="37.970736" lon="-122.626437"/><trkpt lat="37.970677" lon="-122.626553"/><trkpt lat="37.970614" lon="-122.626672"/><trkpt lat="37.970564" lon="-122.626750"/><trkpt lat="37.970524" lon="-122.626789"/><trkpt lat="37.970477" lon="-122.626808"/><trkpt lat="37.970425" lon="-122.626811"/><trkpt lat="37.970374" lon="-122.626790"/><trkpt lat="37.970333" lon="-122.626753"/><trkpt lat="37.970298" lon="-122.626704"/><trkpt lat="37.970265" lon="-122.626634"/><trkpt lat="37.970235" lon="-122.626532"/><trkpt lat="37.970190" lon="-122.626319"/><trkpt lat="37.970172" lon="-122.626257"/><trkpt lat="37.970147" lon="-122.626203"/><trkpt lat="37.970115" lon="-122.626170"/><trkpt lat="37.970075" lon="-122.626146"/><trkpt lat="37.970031" lon="-122.626140"/><trkpt lat="37.969948" lon="-122.626142"/><trkpt lat="37.969885" lon="-122.626116"/><trkpt lat="37.969835" lon="-122.626073"/><trkpt lat="37.969789" lon="-122.625981"/><trkpt lat="37.969746" lon="-122.625794"/><trkpt lat="37.969726" lon="-122.625533"/><trkpt lat="37.969713" lon="-122.625382"/><trkpt lat="37.969690" lon="-122.625266"/><trkpt lat="37.969647" lon="-122.625195"/><trkpt lat="37.969593" lon="-122.625150"/><trkpt lat="37.969533" lon="-122.625129"/><trkpt lat="37.969467" lon="-122.625127"/><trkpt lat="37.969392" lon="-122.625144"/><trkpt lat="37.969334" lon="-122.625180"/><trkpt lat="37.969277" lon="-122.625234"/><trkpt lat="37.969214" lon="-122.625326"/><trkpt lat="37.969164" lon="-122.625422"/><trkpt lat="37.969119" lon="-122.625488"/><trkpt lat="37.969072" lon="-122.625523"/><trkpt lat="37.969009" lon="-122.625525"/><trkpt lat="37.968941" lon="-122.625506"/><trkpt lat="37.968841" lon="-122.625457"/><trkpt lat="37.968725" lon="-122.625391"/><trkpt lat="37.968648" lon="-122.625366"/><trkpt lat="37.968588" lon="-122.625360"/><trkpt lat="37.968519" lon="-122.625373"/><trkpt lat="37.968454" lon="-122.625406"/><trkpt lat="37.968390" lon="-122.625467"/><trkpt lat="37.968293" lon="-122.625588"/><trkpt lat="37.968232" lon="-122.625654"/><trkpt lat="37.968172" lon="-122.625703"/><trkpt lat="37.968105" lon="-122.625740"/><trkpt lat="37.968030" lon="-122.625765"/><trkpt lat="37.967919" lon="-122.625772"/><trkpt lat="37.967821" lon="-122.625766"/><trkpt lat="37.967736" lon="-122.625739"/><trkpt lat="37.967682" lon="-122.625709"/><trkpt lat="37.967637" lon="-122.625658"/><trkpt lat="37.967605" lon="-122.625587"/><trkpt lat="37.967574" lon="-122.625473"/><trkpt lat="37.967538" lon="-122.625382"/><trkpt lat="37.967466" lon="-122.625253"/><trkpt lat="37.967403" lon="-122.625151"/><trkpt lat="37.967314" lon="-122.625030"/><trkpt lat="37.967234" lon="-122.624932"/><trkpt lat="37.967175" lon="-122.624869"/><trkpt lat="37.967123" lon="-122.624834"/><trkpt lat="37.967053" lon="-122.624809"/><trkpt lat="37.966932" lon="-122.624790"/><trkpt lat="37.966855" lon="-122.624765"/><trkpt lat="37.966771" lon="-122.624730"/><trkpt lat="37.966709" lon="-122.624716"/><trkpt lat="37.966651" lon="-122.624719"/><trkpt lat="37.966589" lon="-122.624737"/><trkpt lat="37.966533" lon="-122.624768"/><trkpt lat="37.966474" lon="-122.624819"/><trkpt lat="37.966381" lon="-122.624915"/><trkpt lat="37.966343" lon="-122.624943"/><trkpt lat="37.966299" lon="-122.624954"/><trkpt lat="37.966248" lon="-122.624948"/><trkpt lat="37.966191" lon="-122.624914"/><trkpt lat="37.966133" lon="-122.624869"/><trkpt lat="37.966086" lon="-122.624839"/><trkpt lat="37.966032" lon="-122.624819"/><trkpt lat="37.965955" lon="-122.624815"/><trkpt lat="37.965856" lon="-122.624815"/><trkpt lat="37.965780" lon="-122.624823"/><trkpt lat="37.965708" lon="-122.624837"/><trkpt lat="37.965630" lon="-122.624871"/><trkpt lat="37.965517" lon="-122.624943"/><trkpt lat="37.965444" lon="-122.624978"/><trkpt lat="37.965379" lon="-122.624992"/><trkpt lat="37.965319" lon="-122.624990"/><trkpt lat="37.965245" lon="-122.624968"/><trkpt lat="37.965154" lon="-122.624931"/><trkpt lat="37.965092" lon="-122.624912"/><trkpt lat="37.965035" lon="-122.624909"/><trkpt lat="37.964958" lon="-122.624918"/><trkpt lat="37.964836" lon="-122.624945"/><trkpt lat="37.964400" lon="-122.625078"/><trkpt lat="37.964233" lon="-122.625133"/><trkpt lat="37.964109" lon="-122.625169"/><trkpt lat="37.964047" lon="-122.625184"/><trkpt lat="37.963983" lon="-122.625187"/><trkpt lat="37.963861" lon="-122.625161"/><trkpt lat="37.963759" lon="-122.625119"/><trkpt lat="37.963691" lon="-122.625087"/><trkpt lat="37.963526" lon="-122.625010"/><trkpt lat="37.963351" lon="-122.624944"/><trkpt lat="37.963206" lon="-122.624941"/><trkpt lat="37.963068" lon="-122.624989"/><trkpt lat="37.962950" lon="-122.625094"/><trkpt lat="37.962880" lon="-122.625199"/><trkpt lat="37.962701" lon="-122.625544"/><trkpt lat="37.962640" lon="-122.625710"/><trkpt lat="37.962625" lon="-122.625845"/><trkpt lat="37.962649" lon="-122.625978"/><trkpt lat="37.962707" lon="-122.626094"/><trkpt lat="37.962819" lon="-122.626208"/><trkpt lat="37.963170" lon="-122.626444"/><trkpt lat="37.963526" lon="-122.626756"/><trkpt lat="37.963725" lon="-122.626863"/><trkpt lat="37.964045" lon="-122.626924"/><trkpt lat="37.964182" lon="-122.626985"/><trkpt lat="37.964274" lon="-122.627057"/><trkpt lat="37.964501" lon="-122.627283"/><trkpt lat="37.964633" lon="-122.627355"/><trkpt lat="37.965028" lon="-122.627401"/><trkpt lat="37.965271" lon="-122.627483"/><trkpt lat="37.965437" lon="-122.627573"/><trkpt lat="37.965642" lon="-122.627761"/><trkpt lat="37.965790" lon="-122.627960"/><trkpt lat="37.965826" lon="-122.628046"/><trkpt lat="37.965871" lon="-122.628178"/><trkpt lat="37.965906" lon="-122.628276"/><trkpt lat="37.965951" lon="-122.628372"/><trkpt lat="37.966008" lon="-122.628465"/><trkpt lat="37.966306" lon="-122.628952"/><trkpt lat="37.966433" lon="-122.629114"/><trkpt lat="37.966832" lon="-122.629507"/><trkpt lat="37.966938" lon="-122.629631"/><trkpt lat="37.967057" lon="-122.629804"/><trkpt lat="37.967279" lon="-122.630530"/><trkpt lat="37.967364" lon="-122.630732"/><trkpt lat="37.967513" lon="-122.630991"/><trkpt lat="37.967554" lon="-122.631117"/><trkpt lat="37.967569" lon="-122.631253"/><trkpt lat="37.967557" lon="-122.631389"/><trkpt lat="37.967525" lon="-122.631471"/><trkpt lat="37.967472" lon="-122.631528"/><trkpt lat="37.967400" lon="-122.631529"/><trkpt lat="37.967340" lon="-122.631481"/><trkpt lat="37.967127" lon="-122.631057"/><trkpt lat="37.966912" lon="-122.630748"/><trkpt lat="37.966577" lon="-122.630401"/><trkpt lat="37.966130" lon="-122.630016"/><trkpt lat="37.965909" lon="-122.629860"/><trkpt lat="37.965605" lon="-122.629725"/><trkpt lat="37.965368" lon="-122.629517"/><trkpt lat="37.965175" lon="-122.629311"/><trkpt lat="37.965016" lon="-122.629205"/><trkpt lat="37.964778" lon="-122.629094"/><trkpt lat="37.964604" lon="-122.629037"/><trkpt lat="37.964462" lon="-122.629013"/><trkpt lat="37.964209" lon="-122.629018"/><trkpt lat="37.963926" lon="-122.629082"/><trkpt lat="37.963765" lon="-122.629185"/><trkpt lat="37.963555" lon="-122.629363"/><trkpt lat="37.963441" lon="-122.629475"/><trkpt lat="37.963314" lon="-122.629637"/><trkpt lat="37.963230" lon="-122.629787"/><trkpt lat="37.963185" lon="-122.629911"/><trkpt lat="37.963159" lon="-122.630044"/><trkpt lat="37.963153" lon="-122.630181"/><trkpt lat="37.963174" lon="-122.630455"/><trkpt lat="37.963213" lon="-122.630678"/><trkpt lat="37.963322" lon="-122.631017"/><trkpt lat="37.963559" lon="-122.631575"/><trkpt lat="37.963590" lon="-122.631684"/><trkpt lat="37.963603" lon="-122.631772"/><trkpt lat="37.963604" lon="-122.631828"/><trkpt lat="37.963587" lon="-122.631914"/><trkpt lat="37.963562" lon="-122.631963"/><trkpt lat="37.963529" lon="-122.631981"/><trkpt lat="37.963483" lon="-122.631988"/><trkpt lat="37.963421" lon="-122.631975"/><trkpt lat="37.963354" lon="-122.631951"/><trkpt lat="37.963288" lon="-122.631912"/><trkpt lat="37.963224" lon="-122.631867"/><trkpt lat="37.963165" lon="-122.631811"/><trkpt lat="37.962474" lon="-122.631085"/><trkpt lat="37.962375" lon="-122.631016"/><trkpt lat="37.962110" lon="-122.630874"/><trkpt lat="37.962020" lon="-122.630797"/><trkpt lat="37.961915" lon="-122.630672"/><trkpt lat="37.961757" lon="-122.630423"/><trkpt lat="37.961651" lon="-122.630298"/><trkpt lat="37.961111" lon="-122.629842"/><trkpt lat="37.960256" lon="-122.629357"/><trkpt lat="37.960108" lon="-122.629226"/><trkpt lat="37.959945" lon="-122.629047"/><trkpt lat="37.959822" lon="-122.628951"/><trkpt lat="37.959686" lon="-122.628890"/><trkpt lat="37.959542" lon="-122.628885"/><trkpt lat="37.959419" lon="-122.628975"/><trkpt lat="37.959265" lon="-122.629229"/><trkpt lat="37.959187" lon="-122.629324"/><trkpt lat="37.958911" lon="-122.629538"/><trkpt lat="37.958745" lon="-122.629627"/><trkpt lat="37.958674" lon="-122.629639"/><trkpt lat="37.958603" lon="-122.629626"/><trkpt lat="37.958318" lon="-122.629446"/><trkpt lat="37.958184" lon="-122.629394"/><trkpt lat="37.958060" lon="-122.629366"/><trkpt lat="37.957929" lon="-122.629387"/><trkpt lat="37.957603" lon="-122.629535"/><trkpt lat="37.957161" lon="-122.629677"/><trkpt lat="37.956683" lon="-122.629958"/><trkpt lat="37.956268" lon="-122.630112"/><trkpt lat="37.956136" lon="-122.630184"/><trkpt lat="37.956031" lon="-122.630309"/><trkpt lat="37.955979" lon="-122.630429"/><trkpt lat="37.955935" lon="-122.630603"/><trkpt lat="37.955885" lon="-122.630918"/><trkpt lat="37.955837" lon="-122.631040"/><trkpt lat="37.955732" lon="-122.631164"/><trkpt lat="37.955517" lon="-122.631332"/><trkpt lat="37.955320" lon="-122.631533"/><trkpt lat="37.955198" lon="-122.631700"/><trkpt lat="37.955129" lon="-122.631860"/><trkpt lat="37.955101" lon="-122.631993"/><trkpt lat="37.955091" lon="-122.632129"/><trkpt lat="37.955128" lon="-122.632352"/><trkpt lat="37.955198" lon="-122.632512"/><trkpt lat="37.955426" lon="-122.632867"/><trkpt lat="37.955592" lon="-122.633159"/><trkpt lat="37.955640" lon="-122.633330"/><trkpt lat="37.955623" lon="-122.633418"/><trkpt lat="37.955582" lon="-122.633493"/><trkpt lat="37.955222" lon="-122.633874"/><trkpt lat="37.955024" lon="-122.634141"/><trkpt lat="37.954987" lon="-122.634219"/><trkpt lat="37.954967" lon="-122.634306"/><trkpt lat="37.954966" lon="-122.634397"/><trkpt lat="37.955072" lon="-122.634784"/><trkpt lat="37.955057" lon="-122.634919"/><trkpt lat="37.955006" lon="-122.635090"/><trkpt lat="37.955004" lon="-122.635226"/><trkpt lat="37.955046" lon="-122.635401"/><trkpt lat="37.955117" lon="-122.635611"/><trkpt lat="37.955197" lon="-122.635817"/><trkpt lat="37.955292" lon="-122.636011"/><trkpt lat="37.955450" lon="-122.636261"/><trkpt lat="37.955860" lon="-122.636793"/><trkpt lat="37.955898" lon="-122.636883"/><trkpt lat="37.955905" lon="-122.636964"/><trkpt lat="37.955887" lon="-122.637022"/><trkpt lat="37.955859" lon="-122.637068"/><trkpt lat="37.955811" lon="-122.637078"/><trkpt lat="37.955738" lon="-122.637065"/><trkpt lat="37.955583" lon="-122.636959"/><trkpt lat="37.955296" lon="-122.636754"/><trkpt lat="37.955185" lon="-122.636711"/><trkpt lat="37.955084" lon="-122.636689"/><trkpt lat="37.954941" lon="-122.636668"/><trkpt lat="37.954818" lon="-122.636682"/><trkpt lat="37.954758" lon="-122.636711"/><trkpt lat="37.954663" lon="-122.636784"/><trkpt lat="37.954596" lon="-122.636822"/><trkpt lat="37.954518" lon="-122.636851"/><trkpt lat="37.954427" lon="-122.636839"/><trkpt lat="37.954335" lon="-122.636794"/><trkpt lat="37.954112" lon="-122.636604"/><trkpt lat="37.953968" lon="-122.636467"/><trkpt lat="37.953650" lon="-122.636095"/><trkpt lat="37.953556" lon="-122.635952"/><trkpt lat="37.953496" lon="-122.635807"/><trkpt lat="37.953487" lon="-122.635599"/><trkpt lat="37.953484" lon="-122.635363"/><trkpt lat="37.953453" lon="-122.635231"/><trkpt lat="37.953333" lon="-122.634961"/><trkpt lat="37.953113" lon="-122.634726"/><trkpt lat="37.952952" lon="-122.634623"/><trkpt lat="37.952849" lon="-122.634580"/><trkpt lat="37.952787" lon="-122.634582"/><trkpt lat="37.952620" lon="-122.634626"/><trkpt lat="37.952555" lon="-122.634617"/><trkpt lat="37.952497" lon="-122.634574"/><trkpt lat="37.952457" lon="-122.634513"/><trkpt lat="37.952435" lon="-122.634433"/><trkpt lat="37.952437" lon="-122.634142"/><trkpt lat="37.952411" lon="-122.634051"/><trkpt lat="37.952363" lon="-122.633972"/><trkpt lat="37.952214" lon="-122.633856"/><trkpt lat="37.952132" lon="-122.633752"/><trkpt lat="37.952101" lon="-122.633627"/><trkpt lat="37.952087" lon="-122.633367"/><trkpt lat="37.952020" lon="-122.633206"/><trkpt lat="37.951941" lon="-122.633132"/><trkpt lat="37.951836" lon="-122.633102"/><trkpt lat="37.951775" lon="-122.633111"/><trkpt lat="37.951543" lon="-122.633281"/><trkpt lat="37.951462" lon="-122.633286"/><trkpt lat="37.951393" lon="-122.633239"/><trkpt lat="37.951342" lon="-122.633173"/><trkpt lat="37.951248" lon="-122.632870"/><trkpt lat="37.951199" lon="-122.632805"/><trkpt lat="37.951130" lon="-122.632754"/><trkpt lat="37.950869" lon="-122.632745"/><trkpt lat="37.950780" lon="-122.632684"/><trkpt lat="37.950713" lon="-122.632541"/><trkpt lat="37.950686" lon="-122.632376"/><trkpt lat="37.950721" lon="-122.631948"/><trkpt lat="37.950715" lon="-122.631761"/><trkpt lat="37.950671" lon="-122.631630"/><trkpt lat="37.950600" lon="-122.631552"/><trkpt lat="37.950530" lon="-122.631530"/><trkpt lat="37.950461" lon="-122.631550"/><trkpt lat="37.950364" lon="-122.631607"/><trkpt lat="37.950034" lon="-122.632029"/><trkpt lat="37.949978" lon="-122.632087"/><trkpt lat="37.949879" lon="-122.632143"/><trkpt lat="37.949736" lon="-122.632151"/><trkpt lat="37.949666" lon="-122.632126"/><trkpt lat="37.949431" lon="-122.632010"/><trkpt lat="37.949140" lon="-122.631828"/><trkpt lat="37.948930" lon="-122.631767"/><trkpt lat="37.948787" lon="-122.631792"/><trkpt lat="37.948689" lon="-122.631849"/><trkpt lat="37.948597" lon="-122.631922"/><trkpt lat="37.948476" lon="-122.632090"/><trkpt lat="37.948429" lon="-122.632261"/><trkpt lat="37.948439" lon="-122.632397"/><trkpt lat="37.948467" lon="-122.632481"/><trkpt lat="37.948607" lon="-122.632690"/><trkpt lat="37.948977" lon="-122.633125"/><trkpt lat="37.949040" lon="-122.633236"/><trkpt lat="37.949066" lon="-122.633321"/><trkpt lat="37.949091" lon="-122.634234"/><trkpt lat="37.949039" lon="-122.634499"/><trkpt lat="37.948968" lon="-122.634599"/><trkpt lat="37.948902" lon="-122.634634"/><trkpt lat="37.948866" lon="-122.634632"/><trkpt lat="37.948766" lon="-122.634585"/><trkpt lat="37.948557" lon="-122.634407"/><trkpt lat="37.948335" lon="-122.634173"/><trkpt lat="37.947876" lon="-122.633812"/><trkpt lat="37.947740" lon="-122.633751"/><trkpt lat="37.947596" lon="-122.633742"/><trkpt lat="37.947461" lon="-122.633706"/><trkpt lat="37.947325" lon="-122.633673"/><trkpt lat="37.947110" lon="-122.633505"/><trkpt lat="37.946978" lon="-122.633430"/><trkpt lat="37.946865" lon="-122.633301"/><trkpt lat="37.946729" lon="-122.633099"/><trkpt lat="37.946641" lon="-122.633018"/><trkpt lat="37.946506" lon="-122.632953"/><trkpt lat="37.946362" lon="-122.632943"/><trkpt lat="37.946220" lon="-122.632974"/><trkpt lat="37.946153" lon="-122.633008"/><trkpt lat="37.946071" lon="-122.633097"/><trkpt lat="37.946033" lon="-122.633175"/><trkpt lat="37.946001" lon="-122.633306"/><trkpt lat="37.945996" lon="-122.633397"/><trkpt lat="37.946042" lon="-122.633712"/><trkpt lat="37.946028" lon="-122.633801"/><trkpt lat="37.945982" lon="-122.633870"/><trkpt lat="37.945918" lon="-122.633912"/><trkpt lat="37.945848" lon="-122.633931"/><trkpt lat="37.945596" lon="-122.633907"/><trkpt lat="37.945489" lon="-122.633880"/><trkpt lat="37.945321" lon="-122.633798"/><trkpt lat="37.945230" lon="-122.633722"/><trkpt lat="37.944919" lon="-122.633339"/><trkpt lat="37.944745" lon="-122.633176"/><trkpt lat="37.944543" lon="-122.633076"/><trkpt lat="37.944331" lon="-122.633014"/><trkpt lat="37.944169" lon="-122.632915"/><trkpt lat="37.944086" lon="-122.632826"/><trkpt lat="37.943970" lon="-122.632650"/><trkpt lat="37.943825" lon="-122.632515"/><trkpt lat="37.943690" lon="-122.632450"/><trkpt lat="37.943619" lon="-122.632435"/><trkpt lat="37.943402" lon="-122.632430"/><trkpt lat="37.943225" lon="-122.632470"/><trkpt lat="37.943092" lon="-122.632540"/><trkpt lat="37.943015" lon="-122.632635"/><trkpt lat="37.942973" lon="-122.632761"/><trkpt lat="37.942974" lon="-122.632944"/><trkpt lat="37.943045" lon="-122.633299"/><trkpt lat="37.943008" lon="-122.633425"/><trkpt lat="37.942914" lon="-122.633491"/><trkpt lat="37.942807" lon="-122.633498"/><trkpt lat="37.942424" lon="-122.633358"/><trkpt lat="37.942317" lon="-122.633364"/><trkpt lat="37.942216" lon="-122.633416"/><trkpt lat="37.942130" lon="-122.633500"/><trkpt lat="37.941976" lon="-122.633694"/><trkpt lat="37.941905" lon="-122.633852"/><trkpt lat="37.941876" lon="-122.634171"/><trkpt lat="37.941808" lon="-122.634527"/><trkpt lat="37.941803" lon="-122.634665"/><trkpt lat="37.941825" lon="-122.634799"/><trkpt lat="37.941974" lon="-122.635057"/><trkpt lat="37.942000" lon="-122.635189"/><trkpt lat="37.941974" lon="-122.635273"/><trkpt lat="37.941926" lon="-122.635341"/><trkpt lat="37.941666" lon="-122.635588"/><trkpt lat="37.941543" lon="-122.635755"/><trkpt lat="37.941498" lon="-122.635928"/><trkpt lat="37.941475" lon="-122.636294"/><trkpt lat="37.941501" lon="-122.636473"/><trkpt lat="37.941559" lon="-122.636589"/><trkpt lat="37.941636" lon="-122.636686"/><trkpt lat="37.941864" lon="-122.636912"/><trkpt lat="37.941935" lon="-122.637015"/><trkpt lat="37.941969" lon="-122.637144"/><trkpt lat="37.941967" lon="-122.637225"/><trkpt lat="37.941932" lon="-122.637288"/><trkpt lat="37.941883" lon="-122.637336"/><trkpt lat="37.941786" lon="-122.637395"/><trkpt lat="37.941680" lon="-122.637424"/><trkpt lat="37.941427" lon="-122.637433"/><trkpt lat="37.941320" lon="-122.637456"/><trkpt lat="37.941191" lon="-122.637537"/><trkpt lat="37.941110" lon="-122.637628"/><trkpt lat="37.941041" lon="-122.637732"/><trkpt lat="37.940981" lon="-122.637849"/><trkpt lat="37.940926" lon="-122.637974"/><trkpt lat="37.940875" lon="-122.638108"/><trkpt lat="37.940831" lon="-122.638244"/><trkpt lat="37.940793" lon="-122.638377"/><trkpt lat="37.940773" lon="-122.638533"/><trkpt lat="37.940760" lon="-122.638665"/><trkpt lat="37.940749" lon="-122.638675"/><trkpt lat="37.940709" lon="-122.638652"/><trkpt lat="37.940645" lon="-122.638616"/><trkpt lat="37.940508" lon="-122.638546"/><trkpt lat="37.940431" lon="-122.638516"/><trkpt lat="37.940368" lon="-122.638498"/><trkpt lat="37.940304" lon="-122.638482"/><trkpt lat="37.940222" lon="-122.638470"/><trkpt lat="37.940077" lon="-122.638462"/><trkpt lat="37.939948" lon="-122.638474"/><trkpt lat="37.939824" lon="-122.638501"/><trkpt lat="37.939690" lon="-122.638551"/><trkpt lat="37.939534" lon="-122.638623"/><trkpt lat="37.939496" lon="-122.638635"/><trkpt lat="37.939483" lon="-122.638615"/><trkpt lat="37.939479" lon="-122.638547"/><trkpt lat="37.939464" lon="-122.638421"/><trkpt lat="37.939455" lon="-122.638335"/><trkpt lat="37.939421" lon="-122.638265"/><trkpt lat="37.939372" lon="-122.638234"/><trkpt lat="37.939302" lon="-122.638226"/><trkpt lat="37.939226" lon="-122.638241"/><trkpt lat="37.938990" lon="-122.638360"/><trkpt lat="37.938900" lon="-122.638395"/><trkpt lat="37.938819" lon="-122.638409"/><trkpt lat="37.938729" lon="-122.638402"/><trkpt lat="37.938646" lon="-122.638384"/><trkpt lat="37.938570" lon="-122.638375"/><trkpt lat="37.938507" lon="-122.638387"/><trkpt lat="37.938414" lon="-122.638419"/><trkpt lat="37.938364" lon="-122.638439"/><trkpt lat="37.938321" lon="-122.638438"/><trkpt lat="37.938257" lon="-122.638411"/><trkpt lat="37.938171" lon="-122.638366"/><trkpt lat="37.938109" lon="-122.638353"/><trkpt lat="37.938016" lon="-122.638345"/><trkpt lat="37.937872" lon="-122.638354"/><trkpt lat="37.937778" lon="-122.638368"/><trkpt lat="37.937702" lon="-122.638366"/><trkpt lat="37.937653" lon="-122.638351"/><trkpt lat="37.937595" lon="-122.638305"/><trkpt lat="37.937447" lon="-122.638108"/><trkpt lat="37.937339" lon="-122.638010"/><trkpt lat="37.937219" lon="-122.637922"/><trkpt lat="37.937121" lon="-122.637885"/><trkpt lat="37.937038" lon="-122.637893"/><trkpt lat="37.936948" lon="-122.637901"/><trkpt lat="37.936853" lon="-122.637932"/><trkpt lat="37.936755" lon="-122.637978"/><trkpt lat="37.936706" lon="-122.637992"/><trkpt lat="37.936650" lon="-122.637995"/><trkpt lat="37.936608" lon="-122.637993"/><trkpt lat="37.936583" lon="-122.638009"/><trkpt lat="37.936567" lon="-122.638045"/><trkpt lat="37.936563" lon="-122.638088"/><trkpt lat="37.936571" lon="-122.638125"/><trkpt lat="37.936590" lon="-122.638156"/><trkpt lat="37.936621" lon="-122.638177"/><trkpt lat="37.936657" lon="-122.638177"/><trkpt lat="37.936699" lon="-122.638166"/><trkpt lat="37.936750" lon="-122.638133"/><trkpt lat="37.936850" lon="-122.638070"/><trkpt lat="37.936945" lon="-122.638027"/><trkpt lat="37.937015" lon="-122.638016"/><trkpt lat="37.937086" lon="-122.638025"/><trkpt lat="37.937157" lon="-122.638055"/><trkpt lat="37.937218" lon="-122.638109"/><trkpt lat="37.937283" lon="-122.638171"/><trkpt lat="37.937323" lon="-122.638237"/><trkpt lat="37.937373" lon="-122.638342"/><trkpt lat="37.937409" lon="-122.638439"/><trkpt lat="37.937524" lon="-122.638786"/><trkpt lat="37.937564" lon="-122.638910"/><trkpt lat="37.937619" lon="-122.638979"/><trkpt lat="37.937673" lon="-122.638993"/><trkpt lat="37.937729" lon="-122.638967"/><trkpt lat="37.937937" lon="-122.638775"/><trkpt lat="37.937995" lon="-122.638760"/><trkpt lat="37.938067" lon="-122.638763"/><trkpt lat="37.938315" lon="-122.638931"/><trkpt lat="37.938379" lon="-122.638945"/><trkpt lat="37.938442" lon="-122.638943"/><trkpt lat="37.938701" lon="-122.638884"/><trkpt lat="37.938838" lon="-122.638903"/><trkpt lat="37.938989" lon="-122.638947"/><trkpt lat="37.939045" lon="-122.639022"/><trkpt lat="37.939073" lon="-122.639136"/><trkpt lat="37.939084" lon="-122.639245"/><trkpt lat="37.939076" lon="-122.639511"/><trkpt lat="37.939039" lon="-122.639765"/><trkpt lat="37.939030" lon="-122.639902"/><trkpt lat="37.939050" lon="-122.640042"/><trkpt lat="37.939176" lon="-122.640432"/><trkpt lat="37.939188" lon="-122.640496"/><trkpt lat="37.939182" lon="-122.640568"/><trkpt lat="37.939165" lon="-122.640648"/><trkpt lat="37.939140" lon="-122.640780"/><trkpt lat="37.939134" lon="-122.640875"/><trkpt lat="37.939134" lon="-122.641208"/><trkpt lat="37.939116" lon="-122.641297"/><trkpt lat="37.939075" lon="-122.641380"/><trkpt lat="37.938805" lon="-122.641754"/><trkpt lat="37.938775" lon="-122.641840"/><trkpt lat="37.938760" lon="-122.641917"/><trkpt lat="37.938778" lon="-122.641978"/><trkpt lat="37.938813" lon="-122.642023"/><trkpt lat="37.938973" lon="-122.642143"/><trkpt lat="37.939023" lon="-122.642211"/><trkpt lat="37.939050" lon="-122.642308"/><trkpt lat="37.939046" lon="-122.642402"/><trkpt lat="37.939012" lon="-122.642489"/><trkpt lat="37.938972" lon="-122.642550"/><trkpt lat="37.938743" lon="-122.642840"/><trkpt lat="37.938453" lon="-122.643343"/><trkpt lat="37.938400" lon="-122.643407"/><trkpt lat="37.938328" lon="-122.643464"/><trkpt lat="37.938235" lon="-122.643523"/><trkpt lat="37.938196" lon="-122.643559"/><trkpt lat="37.938139" lon="-122.643665"/><trkpt lat="37.938021" lon="-122.643884"/><trkpt lat="37.938006" lon="-122.643941"/><trkpt lat="37.938006" lon="-122.643941"/><trkpt lat="37.937997" lon="-122.644008"/><trkpt lat="37.938022" lon="-122.644065"/><trkpt lat="37.938070" lon="-122.644105"/><trkpt lat="37.938172" lon="-122.644156"/><trkpt lat="37.938209" lon="-122.644184"/><trkpt lat="37.938243" lon="-122.644226"/><trkpt lat="37.938268" lon="-122.644287"/><trkpt lat="37.938281" lon="-122.644350"/><trkpt lat="37.938344" lon="-122.644984"/><trkpt lat="37.938369" lon="-122.645032"/><trkpt lat="37.938407" lon="-122.645073"/><trkpt lat="37.938476" lon="-122.645106"/><trkpt lat="37.938532" lon="-122.645114"/><trkpt lat="37.938933" lon="-122.645097"/><trkpt lat="37.938977" lon="-122.645110"/><trkpt lat="37.939023" lon="-122.645142"/><trkpt lat="37.939067" lon="-122.645201"/><trkpt lat="37.939095" lon="-122.645273"/><trkpt lat="37.939137" lon="-122.645491"/><trkpt lat="37.939171" lon="-122.645741"/><trkpt lat="37.939166" lon="-122.645812"/><trkpt lat="37.939147" lon="-122.645880"/><trkpt lat="37.939114" lon="-122.645931"/><trkpt lat="37.939075" lon="-122.645962"/><trkpt lat="37.938728" lon="-122.646115"/><trkpt lat="37.938597" lon="-122.646227"/><trkpt lat="37.938555" lon="-122.646274"/><trkpt lat="37.938533" lon="-122.646314"/><trkpt lat="37.938528" lon="-122.646374"/><trkpt lat="37.938541" lon="-122.646477"/><trkpt lat="37.938535" lon="-122.646554"/><trkpt lat="37.938512" lon="-122.646629"/><trkpt lat="37.938474" lon="-122.646725"/><trkpt lat="37.938409" lon="-122.646866"/><trkpt lat="37.938398" lon="-122.646915"/><trkpt lat="37.938405" lon="-122.646958"/><trkpt lat="37.938425" lon="-122.647014"/><trkpt lat="37.938568" lon="-122.647144"/><trkpt lat="37.938608" lon="-122.647198"/><trkpt lat="37.938627" lon="-122.647255"/><trkpt lat="37.938633" lon="-122.647333"/><trkpt lat="37.938629" lon="-122.647414"/><trkpt lat="37.938619" lon="-122.647467"/><trkpt lat="37.938599" lon="-122.647524"/><trkpt lat="37.938532" lon="-122.647661"/><trkpt lat="37.938518" lon="-122.647709"/><trkpt lat="37.938526" lon="-122.647759"/><trkpt lat="37.938553" lon="-122.647824"/><trkpt lat="37.938742" lon="-122.648076"/><trkpt lat="37.938968" lon="-122.648314"/><trkpt lat="37.939003" lon="-122.648365"/><trkpt lat="37.939028" lon="-122.648422"/><trkpt lat="37.939044" lon="-122.648472"/><trkpt lat="37.939057" lon="-122.648540"/><trkpt lat="37.939054" lon="-122.648603"/><trkpt lat="37.939034" lon="-122.648656"/><trkpt lat="37.938948" lon="-122.648835"/><trkpt lat="37.938943" lon="-122.648890"/><trkpt lat="37.938947" lon="-122.648947"/><trkpt lat="37.938970" lon="-122.648997"/><trkpt lat="37.939018" lon="-122.649038"/><trkpt lat="37.939341" lon="-122.649216"/><trkpt lat="37.939401" lon="-122.649229"/><trkpt lat="37.939449" lon="-122.649232"/><trkpt lat="37.939535" lon="-122.649235"/><trkpt lat="37.939568" lon="-122.649251"/><trkpt lat="37.939595" lon="-122.649277"/><trkpt lat="37.939620" lon="-122.649324"/><trkpt lat="37.939627" lon="-122.649381"/><trkpt lat="37.939637" lon="-122.649567"/><trkpt lat="37.939663" lon="-122.649640"/><trkpt lat="37.939723" lon="-122.649809"/><trkpt lat="37.939738" lon="-122.649877"/><trkpt lat="37.939742" lon="-122.649942"/><trkpt lat="37.939740" lon="-122.650010"/><trkpt lat="37.939704" lon="-122.650148"/><trkpt lat="37.939648" lon="-122.650393"/><trkpt lat="37.939520" lon="-122.650765"/><trkpt lat="37.939483" lon="-122.650843"/><trkpt lat="37.939437" lon="-122.650908"/><trkpt lat="37.939367" lon="-122.650974"/><trkpt lat="37.939125" lon="-122.651128"/><trkpt lat="37.938988" lon="-122.651197"/><trkpt lat="37.938860" lon="-122.651297"/><trkpt lat="37.938829" lon="-122.651329"/><trkpt lat="37.938813" lon="-122.651362"/><trkpt lat="37.938816" lon="-122.651411"/><trkpt lat="37.938817" lon="-122.651551"/><trkpt lat="37.938807" lon="-122.651619"/><trkpt lat="37.938783" lon="-122.651709"/><trkpt lat="37.938686" lon="-122.651948"/><trkpt lat="37.938681" lon="-122.651990"/><trkpt lat="37.938687" lon="-122.652024"/><trkpt lat="37.938713" lon="-122.652055"/><trkpt lat="37.938745" lon="-122.652075"/><trkpt lat="37.938777" lon="-122.652084"/><trkpt lat="37.938858" lon="-122.652093"/><trkpt lat="37.938902" lon="-122.652110"/><trkpt lat="37.938938" lon="-122.652130"/><trkpt lat="37.938959" lon="-122.652163"/><trkpt lat="37.938970" lon="-122.652217"/><trkpt lat="37.938969" lon="-122.652276"/><trkpt lat="37.938953" lon="-122.652330"/><trkpt lat="37.938932" lon="-122.652383"/><trkpt lat="37.938820" lon="-122.652539"/><trkpt lat="37.938664" lon="-122.652896"/><trkpt lat="37.938645" lon="-122.652959"/><trkpt lat="37.938651" lon="-122.653011"/><trkpt lat="37.938673" lon="-122.653052"/><trkpt lat="37.938712" lon="-122.653091"/><trkpt lat="37.938933" lon="-122.653200"/><trkpt lat="37.938996" lon="-122.653211"/><trkpt lat="37.939110" lon="-122.653227"/><trkpt lat="37.939151" lon="-122.653247"/><trkpt lat="37.939182" lon="-122.653282"/><trkpt lat="37.939211" lon="-122.653324"/><trkpt lat="37.939227" lon="-122.653364"/><trkpt lat="37.939232" lon="-122.653429"/><trkpt lat="37.939228" lon="-122.654019"/><trkpt lat="37.939187" lon="-122.654229"/><trkpt lat="37.939180" lon="-122.654334"/><trkpt lat="37.939191" lon="-122.654452"/><trkpt lat="37.939206" lon="-122.654533"/><trkpt lat="37.939231" lon="-122.654608"/><trkpt lat="37.939279" lon="-122.654706"/><trkpt lat="37.939360" lon="-122.654816"/><trkpt lat="37.939452" lon="-122.654899"/><trkpt lat="37.939542" lon="-122.654982"/><trkpt lat="37.939582" lon="-122.655035"/><trkpt lat="37.939608" lon="-122.655090"/><trkpt lat="37.939628" lon="-122.655143"/><trkpt lat="37.939633" lon="-122.655218"/><trkpt lat="37.939633" lon="-122.655274"/><trkpt lat="37.939635" lon="-122.655546"/><trkpt lat="37.939652" lon="-122.655612"/><trkpt lat="37.939671" lon="-122.655657"/><trkpt lat="37.939702" lon="-122.655699"/><trkpt lat="37.939726" lon="-122.655753"/><trkpt lat="37.939739" lon="-122.655802"/><trkpt lat="37.939739" lon="-122.655861"/><trkpt lat="37.939721" lon="-122.655901"/><trkpt lat="37.939691" lon="-122.655932"/><trkpt lat="37.939658" lon="-122.655937"/><trkpt lat="37.939628" lon="-122.655927"/><trkpt lat="37.939596" lon="-122.655900"/><trkpt lat="37.939566" lon="-122.655852"/><trkpt lat="37.939540" lon="-122.655784"/><trkpt lat="37.939519" lon="-122.655689"/><trkpt lat="37.939514" lon="-122.655603"/><trkpt lat="37.939499" lon="-122.655321"/><trkpt lat="37.939481" lon="-122.655253"/><trkpt lat="37.939455" lon="-122.655201"/><trkpt lat="37.939415" lon="-122.655167"/><trkpt lat="37.939341" lon="-122.655133"/><trkpt lat="37.939271" lon="-122.655094"/><trkpt lat="37.939122" lon="-122.655013"/><trkpt lat="37.939069" lon="-122.655001"/><trkpt lat="37.939005" lon="-122.654997"/><trkpt lat="37.938903" lon="-122.655013"/><trkpt lat="37.938716" lon="-122.655025"/><trkpt lat="37.938676" lon="-122.655014"/><trkpt lat="37.938652" lon="-122.654984"/><trkpt lat="37.938625" lon="-122.654934"/><trkpt lat="37.938590" lon="-122.654881"/><trkpt lat="37.938548" lon="-122.654843"/><trkpt lat="37.938344" lon="-122.654691"/><trkpt lat="37.937940" lon="-122.654186"/><trkpt lat="37.937905" lon="-122.654152"/><trkpt lat="37.937864" lon="-122.654129"/><trkpt lat="37.937826" lon="-122.654118"/><trkpt lat="37.937792" lon="-122.654136"/><trkpt lat="37.937772" lon="-122.654166"/><trkpt lat="37.937764" lon="-122.654207"/><trkpt lat="37.937770" lon="-122.654249"/><trkpt lat="37.937780" lon="-122.654286"/><trkpt lat="37.937804" lon="-122.654317"/><trkpt lat="37.937832" lon="-122.654334"/><trkpt lat="37.937867" lon="-122.654342"/><trkpt lat="37.937907" lon="-122.654363"/><trkpt lat="37.937959" lon="-122.654394"/><trkpt lat="37.937996" lon="-122.654439"/><trkpt lat="37.938208" lon="-122.654840"/><trkpt lat="37.938230" lon="-122.654912"/><trkpt lat="37.938239" lon="-122.654974"/><trkpt lat="37.938240" lon="-122.655062"/><trkpt lat="37.938233" lon="-122.655147"/><trkpt lat="37.938218" lon="-122.655215"/><trkpt lat="37.938181" lon="-122.655354"/><trkpt lat="37.938176" lon="-122.655425"/><trkpt lat="37.938186" lon="-122.655481"/><trkpt lat="37.938212" lon="-122.655508"/><trkpt lat="37.938244" lon="-122.655521"/><trkpt lat="37.938293" lon="-122.655527"/><trkpt lat="37.938344" lon="-122.655528"/><trkpt lat="37.938679" lon="-122.655510"/><trkpt lat="37.938744" lon="-122.655530"/><trkpt lat="37.938804" lon="-122.655559"/><trkpt lat="37.938862" lon="-122.655613"/><trkpt lat="37.938930" lon="-122.655692"/><trkpt lat="37.938984" lon="-122.655779"/><trkpt lat="37.939035" lon="-122.655894"/><trkpt lat="37.939064" lon="-122.656009"/><trkpt lat="37.939075" lon="-122.656130"/><trkpt lat="37.939072" lon="-122.656410"/><trkpt lat="37.939103" lon="-122.656600"/><trkpt lat="37.939116" lon="-122.656710"/><trkpt lat="37.939116" lon="-122.656791"/><trkpt lat="37.939114" lon="-122.656886"/><trkpt lat="37.939120" lon="-122.656938"/><trkpt lat="37.939131" lon="-122.656959"/><trkpt lat="37.939159" lon="-122.656991"/><trkpt lat="37.939196" lon="-122.657018"/><trkpt lat="37.939238" lon="-122.657027"/><trkpt lat="37.939284" lon="-122.657027"/><trkpt lat="37.939327" lon="-122.657016"/><trkpt lat="37.939373" lon="-122.656999"/><trkpt lat="37.939433" lon="-122.656962"/><trkpt lat="37.939611" lon="-122.656843"/><trkpt lat="37.939669" lon="-122.656831"/><trkpt lat="37.939721" lon="-122.656837"/><trkpt lat="37.939773" lon="-122.656860"/><trkpt lat="37.939800" lon="-122.656894"/><trkpt lat="37.939812" lon="-122.656949"/><trkpt lat="37.939864" lon="-122.657364"/><trkpt lat="37.939888" lon="-122.657415"/><trkpt lat="37.939920" lon="-122.657468"/><trkpt lat="37.939962" lon="-122.657489"/><trkpt lat="37.940010" lon="-122.657495"/><trkpt lat="37.940047" lon="-122.657484"/><trkpt lat="37.940092" lon="-122.657462"/><trkpt lat="37.940138" lon="-122.657423"/><trkpt lat="37.940286" lon="-122.657261"/><trkpt lat="37.940324" lon="-122.657243"/><trkpt lat="37.940371" lon="-122.657240"/><trkpt lat="37.940418" lon="-122.657249"/><trkpt lat="37.940476" lon="-122.657277"/><trkpt lat="37.940543" lon="-122.657326"/><trkpt lat="37.940646" lon="-122.657441"/><trkpt lat="37.940847" lon="-122.657599"/><trkpt lat="37.941096" lon="-122.657770"/><trkpt lat="37.941238" lon="-122.657853"/><trkpt lat="37.941279" lon="-122.657892"/><trkpt lat="37.941311" lon="-122.657932"/><trkpt lat="37.941420" lon="-122.658116"/><trkpt lat="37.941477" lon="-122.658164"/><trkpt lat="37.941534" lon="-122.658197"/><trkpt lat="37.941590" lon="-122.658215"/><trkpt lat="37.941658" lon="-122.658236"/><trkpt lat="37.941708" lon="-122.658250"/><trkpt lat="37.941730" lon="-122.658291"/><trkpt lat="37.941737" lon="-122.658328"/><trkpt lat="37.941721" lon="-122.658373"/><trkpt lat="37.941693" lon="-122.658401"/><trkpt lat="37.941660" lon="-122.658424"/><trkpt lat="37.941625" lon="-122.658435"/><trkpt lat="37.941577" lon="-122.658430"/><trkpt lat="37.941525" lon="-122.658407"/><trkpt lat="37.941363" lon="-122.658274"/><trkpt lat="37.941291" lon="-122.658194"/><trkpt lat="37.941232" lon="-122.658128"/><trkpt lat="37.941169" lon="-122.658084"/><trkpt lat="37.941087" lon="-122.658039"/><trkpt lat="37.940846" lon="-122.657961"/><trkpt lat="37.940667" lon="-122.657918"/><trkpt lat="37.940579" lon="-122.657912"/><trkpt lat="37.940474" lon="-122.657877"/><trkpt lat="37.940417" lon="-122.657865"/><trkpt lat="37.940374" lon="-122.657870"/><trkpt lat="37.940324" lon="-122.657892"/><trkpt lat="37.940276" lon="-122.657929"/><trkpt lat="37.940123" lon="-122.658084"/><trkpt lat="37.940069" lon="-122.658129"/><trkpt lat="37.940001" lon="-122.658160"/><trkpt lat="37.939945" lon="-122.658183"/><trkpt lat="37.939864" lon="-122.658204"/><trkpt lat="37.939797" lon="-122.658220"/><trkpt lat="37.939732" lon="-122.658224"/><trkpt lat="37.939663" lon="-122.658209"/><trkpt lat="37.939586" lon="-122.658189"/><trkpt lat="37.939535" lon="-122.658178"/><trkpt lat="37.939497" lon="-122.658192"/><trkpt lat="37.939460" lon="-122.658223"/><trkpt lat="37.939428" lon="-122.658256"/><trkpt lat="37.939380" lon="-122.658324"/><trkpt lat="37.939365" lon="-122.658368"/><trkpt lat="37.939287" lon="-122.658360"/><trkpt lat="37.939241" lon="-122.658345"/><trkpt lat="37.939184" lon="-122.658321"/><trkpt lat="37.939132" lon="-122.658294"/><trkpt lat="37.938909" lon="-122.658104"/><trkpt lat="37.938855" lon="-122.658072"/><trkpt lat="37.938792" lon="-122.658042"/><trkpt lat="37.938716" lon="-122.658017"/><trkpt lat="37.938656" lon="-122.658005"/><trkpt lat="37.938342" lon="-122.658008"/><trkpt lat="37.938309" lon="-122.657992"/><trkpt lat="37.938275" lon="-122.657956"/><trkpt lat="37.938251" lon="-122.657915"/><trkpt lat="37.938228" lon="-122.657868"/><trkpt lat="37.938119" lon="-122.657402"/><trkpt lat="37.938093" lon="-122.657342"/><trkpt lat="37.938058" lon="-122.657290"/><trkpt lat="37.938008" lon="-122.657237"/><trkpt lat="37.937960" lon="-122.657205"/><trkpt lat="37.937757" lon="-122.657104"/><trkpt lat="37.937633" lon="-122.657044"/><trkpt lat="37.937470" lon="-122.657011"/><trkpt lat="37.937366" lon="-122.656992"/><trkpt lat="37.937257" lon="-122.656974"/><trkpt lat="37.937085" lon="-122.656961"/><trkpt lat="37.937027" lon="-122.656939"/><trkpt lat="37.936971" lon="-122.656912"/><trkpt lat="37.936928" lon="-122.656880"/><trkpt lat="37.936897" lon="-122.656852"/><trkpt lat="37.936871" lon="-122.656810"/><trkpt lat="37.936848" lon="-122.656764"/><trkpt lat="37.936826" lon="-122.656708"/><trkpt lat="37.936810" lon="-122.656644"/><trkpt lat="37.936801" lon="-122.656578"/><trkpt lat="37.936793" lon="-122.656416"/><trkpt lat="37.936791" lon="-122.656177"/><trkpt lat="37.936786" lon="-122.656095"/><trkpt lat="37.936779" lon="-122.656030"/><trkpt lat="37.936769" lon="-122.655956"/><trkpt lat="37.936756" lon="-122.655895"/><trkpt lat="37.936735" lon="-122.655835"/><trkpt lat="37.936653" lon="-122.655603"/><trkpt lat="37.936539" lon="-122.655383"/><trkpt lat="37.936454" lon="-122.655231"/><trkpt lat="37.936383" lon="-122.655130"/><trkpt lat="37.936338" lon="-122.655060"/><trkpt lat="37.936282" lon="-122.654954"/><trkpt lat="37.936247" lon="-122.654853"/><trkpt lat="37.936202" lon="-122.654699"/><trkpt lat="37.936134" lon="-122.654468"/><trkpt lat="37.936068" lon="-122.654321"/><trkpt lat="37.935988" lon="-122.654188"/><trkpt lat="37.935789" lon="-122.653943"/><trkpt lat="37.935739" lon="-122.653864"/><trkpt lat="37.935689" lon="-122.653762"/><trkpt lat="37.935536" lon="-122.653377"/><trkpt lat="37.935346" lon="-122.652899"/><trkpt lat="37.935330" lon="-122.652830"/><trkpt lat="37.935323" lon="-122.652763"/><trkpt lat="37.935317" lon="-122.652569"/><trkpt lat="37.935328" lon="-122.652483"/><trkpt lat="37.935342" lon="-122.652403"/><trkpt lat="37.935364" lon="-122.652312"/><trkpt lat="37.935453" lon="-122.652027"/><trkpt lat="37.935577" lon="-122.651603"/><trkpt lat="37.935773" lon="-122.650998"/><trkpt lat="37.935796" lon="-122.650898"/><trkpt lat="37.935799" lon="-122.650774"/><trkpt lat="37.935780" lon="-122.650663"/><trkpt lat="37.935741" lon="-122.650562"/><trkpt lat="37.935079" lon="-122.649161"/><trkpt lat="37.934710" lon="-122.648370"/><trkpt lat="37.934275" lon="-122.647486"/><trkpt lat="37.933914" lon="-122.646689"/><trkpt lat="37.933828" lon="-122.646549"/><trkpt lat="37.933747" lon="-122.646457"/><trkpt lat="37.933657" lon="-122.646395"/><trkpt lat="37.933565" lon="-122.646368"/><trkpt lat="37.933413" lon="-122.646333"/><trkpt lat="37.933303" lon="-122.646298"/><trkpt lat="37.933138" lon="-122.646201"/><trkpt lat="37.932828" lon="-122.645993"/><trkpt lat="37.932297" lon="-122.645698"/><trkpt lat="37.932135" lon="-122.645592"/><trkpt lat="37.931961" lon="-122.645464"/><trkpt lat="37.931840" lon="-122.645383"/><trkpt lat="37.931711" lon="-122.645305"/><trkpt lat="37.931532" lon="-122.645211"/><trkpt lat="37.931383" lon="-122.645126"/><trkpt lat="37.931098" lon="-122.644945"/><trkpt lat="37.930885" lon="-122.644811"/><trkpt lat="37.930705" lon="-122.644713"/><trkpt lat="37.930517" lon="-122.644623"/><trkpt lat="37.930080" lon="-122.644428"/><trkpt lat="37.929775" lon="-122.644270"/><trkpt lat="37.929504" lon="-122.644069"/><trkpt lat="37.929123" lon="-122.643729"/><trkpt lat="37.928728" lon="-122.643394"/><trkpt lat="37.928074" lon="-122.642789"/><trkpt lat="37.927721" lon="-122.642497"/><trkpt lat="37.927533" lon="-122.642369"/><trkpt lat="37.927346" lon="-122.642231"/><trkpt lat="37.927154" lon="-122.642052"/><trkpt lat="37.926948" lon="-122.641833"/><trkpt lat="37.926736" lon="-122.641620"/><trkpt lat="37.926555" lon="-122.641453"/><trkpt lat="37.926363" lon="-122.641266"/><trkpt lat="37.926263" lon="-122.641186"/><trkpt lat="37.926159" lon="-122.641131"/><trkpt lat="37.926008" lon="-122.641073"/><trkpt lat="37.925895" lon="-122.641018"/><trkpt lat="37.925786" lon="-122.640951"/><trkpt lat="37.925710" lon="-122.640906"/><trkpt lat="37.925648" lon="-122.640881"/><trkpt lat="37.925563" lon="-122.640861"/><trkpt lat="37.925463" lon="-122.640828"/><trkpt lat="37.925355" lon="-122.640773"/><trkpt lat="37.925212" lon="-122.640688"/><trkpt lat="37.924773" lon="-122.640479"/><trkpt lat="37.924675" lon="-122.640424"/><trkpt lat="37.924609" lon="-122.640367"/><trkpt lat="37.924553" lon="-122.640284"/><trkpt lat="37.924520" lon="-122.640196"/><trkpt lat="37.924513" lon="-122.640106"/><trkpt lat="37.924531" lon="-122.640003"/><trkpt lat="37.924587" lon="-122.639888"/><trkpt lat="37.924678" lon="-122.639780"/><trkpt lat="37.924779" lon="-122.639674"/><trkpt lat="37.924812" lon="-122.639631"/><trkpt lat="37.924836" lon="-122.639571"/><trkpt lat="37.924846" lon="-122.639512"/><trkpt lat="37.924846" lon="-122.639455"/><trkpt lat="37.924824" lon="-122.639323"/><trkpt lat="37.924787" lon="-122.639191"/><trkpt lat="37.924733" lon="-122.639055"/><trkpt lat="37.924675" lon="-122.638946"/><trkpt lat="37.924635" lon="-122.638882"/><trkpt lat="37.924552" lon="-122.638763"/><trkpt lat="37.924462" lon="-122.638658"/><trkpt lat="37.924162" lon="-122.638332"/><trkpt lat="37.924033" lon="-122.638178"/><trkpt lat="37.923909" lon="-122.638004"/><trkpt lat="37.923744" lon="-122.637738"/><trkpt lat="37.923613" lon="-122.637505"/><trkpt lat="37.923497" lon="-122.637273"/><trkpt lat="37.923349" lon="-122.636875"/><trkpt lat="37.923263" lon="-122.636572"/><trkpt lat="37.923160" lon="-122.636280"/><trkpt lat="37.923056" lon="-122.636010"/><trkpt lat="37.922922" lon="-122.635729"/><trkpt lat="37.922855" lon="-122.635557"/><trkpt lat="37.922774" lon="-122.635287"/><trkpt lat="37.922730" lon="-122.635158"/><trkpt lat="37.922646" lon="-122.635007"/><trkpt lat="37.922528" lon="-122.634841"/><trkpt lat="37.922329" lon="-122.634574"/><trkpt lat="37.922018" lon="-122.634124"/><trkpt lat="37.921938" lon="-122.634002"/><trkpt lat="37.921889" lon="-122.633896"/><trkpt lat="37.921839" lon="-122.633741"/><trkpt lat="37.921799" lon="-122.633611"/><trkpt lat="37.921747" lon="-122.633507"/><trkpt lat="37.921676" lon="-122.633418"/><trkpt lat="37.921587" lon="-122.633335"/><trkpt lat="37.921511" lon="-122.633268"/><trkpt lat="37.921441" lon="-122.633185"/><trkpt lat="37.921395" lon="-122.633091"/><trkpt lat="37.921369" lon="-122.632984"/><trkpt lat="37.921377" lon="-122.632787"/><trkpt lat="37.921374" lon="-122.632678"/><trkpt lat="37.921346" lon="-122.632564"/><trkpt lat="37.921274" lon="-122.632413"/><trkpt lat="37.921161" lon="-122.632230"/><trkpt lat="37.921114" lon="-122.632154"/><trkpt lat="37.921081" lon="-122.632071"/><trkpt lat="37.921033" lon="-122.631922"/><trkpt lat="37.920932" lon="-122.631517"/><trkpt lat="37.920870" lon="-122.631319"/><trkpt lat="37.920632" lon="-122.630608"/><trkpt lat="37.920549" lon="-122.630323"/><trkpt lat="37.920506" lon="-122.630209"/><trkpt lat="37.920445" lon="-122.630095"/><trkpt lat="37.920363" lon="-122.629990"/><trkpt lat="37.919783" lon="-122.629411"/><trkpt lat="37.919349" lon="-122.629015"/><trkpt lat="37.919267" lon="-122.628947"/><trkpt lat="37.919186" lon="-122.628891"/><trkpt lat="37.919037" lon="-122.628819"/><trkpt lat="37.918886" lon="-122.628765"/><trkpt lat="37.918737" lon="-122.628743"/><trkpt lat="37.918593" lon="-122.628741"/><trkpt lat="37.918460" lon="-122.628757"/><trkpt lat="37.918309" lon="-122.628798"/><trkpt lat="37.918028" lon="-122.628886"/><trkpt lat="37.917903" lon="-122.628911"/><trkpt lat="37.917786" lon="-122.628923"/><trkpt lat="37.917673" lon="-122.628921"/><trkpt lat="37.917316" lon="-122.628868"/><trkpt lat="37.917224" lon="-122.628861"/><trkpt lat="37.917034" lon="-122.628858"/><trkpt lat="37.916817" lon="-122.628848"/><trkpt lat="37.916712" lon="-122.628834"/><trkpt lat="37.916627" lon="-122.628806"/><trkpt lat="37.916557" lon="-122.628760"/><trkpt lat="37.916489" lon="-122.628686"/><trkpt lat="37.916421" lon="-122.628569"/><trkpt lat="37.916371" lon="-122.628435"/><trkpt lat="37.916347" lon="-122.628287"/><trkpt lat="37.916359" lon="-122.628135"/><trkpt lat="37.916384" lon="-122.628008"/><trkpt lat="37.916424" lon="-122.627855"/><trkpt lat="37.916435" lon="-122.627746"/><trkpt lat="37.916420" lon="-122.627660"/><trkpt lat="37.916392" lon="-122.627594"/><trkpt lat="37.916337" lon="-122.627522"/><trkpt lat="37.916269" lon="-122.627461"/><trkpt lat="37.916138" lon="-122.627371"/><trkpt lat="37.915938" lon="-122.627241"/><trkpt lat="37.915771" lon="-122.627143"/><trkpt lat="37.915651" lon="-122.627089"/><trkpt lat="37.915443" lon="-122.627004"/><trkpt lat="37.915199" lon="-122.626903"/><trkpt lat="37.914958" lon="-122.626807"/><trkpt lat="37.914668" lon="-122.626689"/><trkpt lat="37.914414" lon="-122.626566"/><trkpt lat="37.914331" lon="-122.626519"/><trkpt lat="37.914263" lon="-122.626451"/><trkpt lat="37.914213" lon="-122.626365"/><trkpt lat="37.914168" lon="-122.626246"/><trkpt lat="37.914097" lon="-122.626050"/><trkpt lat="37.914050" lon="-122.625949"/><trkpt lat="37.913994" lon="-122.625866"/><trkpt lat="37.913929" lon="-122.625798"/><trkpt lat="37.913848" lon="-122.625749"/><trkpt lat="37.913744" lon="-122.625707"/><trkpt lat="37.913643" lon="-122.625661"/><trkpt lat="37.913553" lon="-122.625609"/><trkpt lat="37.913443" lon="-122.625527"/><trkpt lat="37.913326" lon="-122.625424"/><trkpt lat="37.913243" lon="-122.625336"/><trkpt lat="37.913179" lon="-122.625237"/><trkpt lat="37.913126" lon="-122.625118"/><trkpt lat="37.913043" lon="-122.624906"/><trkpt lat="37.912990" lon="-122.624791"/><trkpt lat="37.912925" lon="-122.624700"/><trkpt lat="37.912851" lon="-122.624636"/><trkpt lat="37.912763" lon="-122.624601"/><trkpt lat="37.912668" lon="-122.624597"/><trkpt lat="37.912600" lon="-122.624607"/><trkpt lat="37.912522" lon="-122.624653"/><trkpt lat="37.912458" lon="-122.624728"/><trkpt lat="37.912343" lon="-122.624890"/><trkpt lat="37.911881" lon="-122.625504"/><trkpt lat="37.911794" lon="-122.625606"/><trkpt lat="37.911728" lon="-122.625660"/><trkpt lat="37.911656" lon="-122.625678"/><trkpt lat="37.911582" lon="-122.625668"/><trkpt lat="37.911517" lon="-122.625635"/><trkpt lat="37.911460" lon="-122.625579"/><trkpt lat="37.911395" lon="-122.625499"/><trkpt lat="37.911304" lon="-122.625356"/><trkpt lat="37.911242" lon="-122.625220"/><trkpt lat="37.911197" lon="-122.625073"/><trkpt lat="37.911164" lon="-122.624917"/><trkpt lat="37.911146" lon="-122.624715"/><trkpt lat="37.911129" lon="-122.624570"/><trkpt lat="37.911113" lon="-122.624460"/><trkpt lat="37.911075" lon="-122.624318"/><trkpt lat="37.911002" lon="-122.624114"/><trkpt lat="37.910945" lon="-122.623946"/><trkpt lat="37.910910" lon="-122.623820"/><trkpt lat="37.910895" lon="-122.623687"/><trkpt lat="37.910888" lon="-122.623506"/><trkpt lat="37.910891" lon="-122.622903"/><trkpt lat="37.910882" lon="-122.622566"/><trkpt lat="37.910848" lon="-122.622193"/><trkpt lat="37.910785" lon="-122.621609"/><trkpt lat="37.910745" lon="-122.621337"/><trkpt lat="37.910695" lon="-122.621073"/><trkpt lat="37.910620" lon="-122.620822"/><trkpt lat="37.910506" lon="-122.620596"/><trkpt lat="37.910401" lon="-122.620451"/><trkpt lat="37.910317" lon="-122.620362"/><trkpt lat="37.910216" lon="-122.620291"/><trkpt lat="37.910076" lon="-122.620224"/><trkpt lat="37.909837" lon="-122.620126"/><trkpt lat="37.909762" lon="-122.620082"/><trkpt lat="37.909710" lon="-122.620039"/><trkpt lat="37.909665" lon="-122.619993"/><trkpt lat="37.909631" lon="-122.619956"/><trkpt lat="37.909552" lon="-122.619857"/><trkpt lat="37.909427" lon="-122.619674"/><trkpt lat="37.909333" lon="-122.619513"/><trkpt lat="37.909255" lon="-122.619329"/><trkpt lat="37.909204" lon="-122.619119"/><trkpt lat="37.909173" lon="-122.618890"/><trkpt lat="37.909171" lon="-122.618690"/><trkpt lat="37.909201" lon="-122.618487"/><trkpt lat="37.909259" lon="-122.618219"/><trkpt lat="37.909284" lon="-122.618049"/><trkpt lat="37.909299" lon="-122.617779"/><trkpt lat="37.909291" lon="-122.617595"/><trkpt lat="37.909274" lon="-122.617441"/><trkpt lat="37.909243" lon="-122.617301"/><trkpt lat="37.909173" lon="-122.617011"/><trkpt lat="37.909131" lon="-122.616804"/><trkpt lat="37.909081" lon="-122.616525"/><trkpt lat="37.909054" lon="-122.616311"/><trkpt lat="37.909053" lon="-122.616177"/><trkpt lat="37.909068" lon="-122.616053"/><trkpt lat="37.909105" lon="-122.615926"/><trkpt lat="37.909166" lon="-122.615779"/><trkpt lat="37.909259" lon="-122.615605"/><trkpt lat="37.909448" lon="-122.615289"/><trkpt lat="37.909650" lon="-122.614976"/><trkpt lat="37.909813" lon="-122.614735"/><trkpt lat="37.909965" lon="-122.614503"/><trkpt lat="37.910115" lon="-122.614238"/><trkpt lat="37.910367" lon="-122.613728"/><trkpt lat="37.910440" lon="-122.613569"/><trkpt lat="37.910485" lon="-122.613423"/><trkpt lat="37.910512" lon="-122.613292"/><trkpt lat="37.910531" lon="-122.613156"/><trkpt lat="37.910540" lon="-122.613027"/><trkpt lat="37.910540" lon="-122.612924"/><trkpt lat="37.910536" lon="-122.612863"/><trkpt lat="37.910521" lon="-122.612774"/><trkpt lat="37.910502" lon="-122.612706"/><trkpt lat="37.910456" lon="-122.612576"/><trkpt lat="37.910411" lon="-122.612621"/><trkpt lat="37.910355" lon="-122.612658"/><trkpt lat="37.910285" lon="-122.612684"/><trkpt lat="37.910214" lon="-122.612693"/><trkpt lat="37.910108" lon="-122.612695"/><trkpt lat="37.909996" lon="-122.612692"/><trkpt lat="37.909880" lon="-122.612677"/><trkpt lat="37.909761" lon="-122.612647"/><trkpt lat="37.909662" lon="-122.612624"/><trkpt lat="37.909583" lon="-122.612623"/><trkpt lat="37.909502" lon="-122.612644"/><trkpt lat="37.909417" lon="-122.612688"/><trkpt lat="37.909326" lon="-122.612765"/><trkpt lat="37.909263" lon="-122.612845"/><trkpt lat="37.909221" lon="-122.612927"/><trkpt lat="37.909175" lon="-122.613074"/><trkpt lat="37.909138" lon="-122.613157"/><trkpt lat="37.909094" lon="-122.613211"/><trkpt lat="37.909039" lon="-122.613246"/><trkpt lat="37.908963" lon="-122.613273"/><trkpt lat="37.908895" lon="-122.613309"/><trkpt lat="37.908833" lon="-122.613357"/><trkpt lat="37.908793" lon="-122.613403"/><trkpt lat="37.908756" lon="-122.613465"/><trkpt lat="37.908720" lon="-122.613555"/><trkpt lat="37.908679" lon="-122.613697"/><trkpt lat="37.908638" lon="-122.613808"/><trkpt lat="37.908578" lon="-122.613919"/><trkpt lat="37.908481" lon="-122.614071"/><trkpt lat="37.908407" lon="-122.614167"/><trkpt lat="37.908352" lon="-122.614219"/><trkpt lat="37.908296" lon="-122.614252"/><trkpt lat="37.908242" lon="-122.614268"/><trkpt lat="37.908182" lon="-122.614266"/><trkpt lat="37.908115" lon="-122.614236"/><trkpt lat="37.908028" lon="-122.614168"/><trkpt lat="37.907944" lon="-122.614110"/><trkpt lat="37.907881" lon="-122.614096"/><trkpt lat="37.907813" lon="-122.614105"/><trkpt lat="37.907744" lon="-122.614135"/><trkpt lat="37.907667" lon="-122.614206"/><trkpt lat="37.907587" lon="-122.614305"/><trkpt lat="37.907507" lon="-122.614429"/><trkpt lat="37.907404" lon="-122.614617"/><trkpt lat="37.907344" lon="-122.614726"/><trkpt lat="37.907294" lon="-122.614795"/><trkpt lat="37.907253" lon="-122.614831"/><trkpt lat="37.907200" lon="-122.614855"/><trkpt lat="37.907124" lon="-122.614863"/><trkpt lat="37.906590" lon="-122.614862"/><trkpt lat="37.906381" lon="-122.614863"/><trkpt lat="37.906213" lon="-122.614859"/><trkpt lat="37.906144" lon="-122.614857"/><trkpt lat="37.906041" lon="-122.614852"/><trkpt lat="37.905913" lon="-122.614838"/><trkpt lat="37.905802" lon="-122.614813"/><trkpt lat="37.905697" lon="-122.614773"/><trkpt lat="37.905612" lon="-122.614726"/><trkpt lat="37.905524" lon="-122.614663"/><trkpt lat="37.905309" lon="-122.614485"/><trkpt lat="37.905216" lon="-122.614425"/><trkpt lat="37.905131" lon="-122.614389"/><trkpt lat="37.905015" lon="-122.614360"/><trkpt lat="37.904746" lon="-122.614318"/><trkpt lat="37.904638" lon="-122.614292"/><trkpt lat="37.904580" lon="-122.614263"/><trkpt lat="37.904536" lon="-122.614228"/><trkpt lat="37.904497" lon="-122.614171"/><trkpt lat="37.904476" lon="-122.614106"/><trkpt lat="37.904467" lon="-122.614009"/><trkpt lat="37.904467" lon="-122.613876"/><trkpt lat="37.904482" lon="-122.613775"/><trkpt lat="37.904507" lon="-122.613699"/><trkpt lat="37.904550" lon="-122.613643"/><trkpt lat="37.904609" lon="-122.613608"/><trkpt lat="37.904672" lon="-122.613599"/><trkpt lat="37.904754" lon="-122.613618"/><trkpt lat="37.904924" lon="-122.613699"/><trkpt lat="37.905030" lon="-122.613724"/><trkpt lat="37.905118" lon="-122.613732"/><trkpt lat="37.905234" lon="-122.613722"/><trkpt lat="37.905389" lon="-122.613700"/><trkpt lat="37.905604" lon="-122.613679"/><trkpt lat="37.905874" lon="-122.613679"/><trkpt lat="37.906478" lon="-122.613713"/><trkpt lat="37.906604" lon="-122.613717"/><trkpt lat="37.906688" lon="-122.613704"/><trkpt lat="37.906761" lon="-122.613675"/><trkpt lat="37.906818" lon="-122.613628"/><trkpt lat="37.906855" lon="-122.613569"/><trkpt lat="37.906873" lon="-122.613502"/><trkpt lat="37.906876" lon="-122.613443"/><trkpt lat="37.906863" lon="-122.613379"/><trkpt lat="37.906836" lon="-122.613309"/><trkpt lat="37.906806" lon="-122.613254"/><trkpt lat="37.906683" lon="-122.613079"/><trkpt lat="37.906633" lon="-122.612996"/><trkpt lat="37.906593" lon="-122.612897"/><trkpt lat="37.906589" lon="-122.612834"/><trkpt lat="37.906603" lon="-122.612775"/><trkpt lat="37.906637" lon="-122.612724"/><trkpt lat="37.906695" lon="-122.612675"/><trkpt lat="37.906818" lon="-122.612600"/><trkpt lat="37.906913" lon="-122.612525"/><trkpt lat="37.906983" lon="-122.612445"/><trkpt lat="37.907059" lon="-122.612333"/><trkpt lat="37.907129" lon="-122.612199"/><trkpt lat="37.907210" lon="-122.612022"/><trkpt lat="37.907285" lon="-122.611863"/><trkpt lat="37.907362" lon="-122.611725"/><trkpt lat="37.907429" lon="-122.611616"/><trkpt lat="37.907462" lon="-122.611540"/><trkpt lat="37.907475" lon="-122.611474"/><trkpt lat="37.907473" lon="-122.611385"/><trkpt lat="37.907454" lon="-122.611268"/><trkpt lat="37.907368" lon="-122.610985"/><trkpt lat="37.907310" lon="-122.610807"/><trkpt lat="37.907277" lon="-122.610731"/><trkpt lat="37.907225" lon="-122.610673"/><trkpt lat="37.907131" lon="-122.610633"/><trkpt lat="37.907045" lon="-122.610615"/><trkpt lat="37.906954" lon="-122.610583"/><trkpt lat="37.906886" lon="-122.610543"/><trkpt lat="37.906801" lon="-122.610459"/><trkpt lat="37.906704" lon="-122.610337"/><trkpt lat="37.906644" lon="-122.610219"/><trkpt lat="37.906616" lon="-122.610100"/><trkpt lat="37.906593" lon="-122.609946"/><trkpt lat="37.906562" lon="-122.609806"/><trkpt lat="37.906517" lon="-122.609664"/><trkpt lat="37.906474" lon="-122.609552"/><trkpt lat="37.906417" lon="-122.609454"/><trkpt lat="37.906340" lon="-122.609357"/><trkpt lat="37.906302" lon="-122.609306"/><trkpt lat="37.906270" lon="-122.609239"/><trkpt lat="37.906246" lon="-122.609145"/><trkpt lat="37.906227" lon="-122.609030"/><trkpt lat="37.906227" lon="-122.608941"/><trkpt lat="37.906247" lon="-122.608834"/><trkpt lat="37.906287" lon="-122.608752"/><trkpt lat="37.906349" lon="-122.608678"/><trkpt lat="37.906443" lon="-122.608601"/><trkpt lat="37.906518" lon="-122.608537"/><trkpt lat="37.906568" lon="-122.608476"/><trkpt lat="37.906592" lon="-122.608412"/><trkpt lat="37.906595" lon="-122.608345"/><trkpt lat="37.906585" lon="-122.608276"/><trkpt lat="37.906563" lon="-122.608185"/><trkpt lat="37.906521" lon="-122.608097"/><trkpt lat="37.906471" lon="-122.608009"/><trkpt lat="37.906406" lon="-122.607937"/><trkpt lat="37.906345" lon="-122.607904"/><trkpt lat="37.906269" lon="-122.607892"/><trkpt lat="37.906181" lon="-122.607905"/><trkpt lat="37.906101" lon="-122.607915"/><trkpt lat="37.905987" lon="-122.607902"/><trkpt lat="37.905732" lon="-122.607852"/><trkpt lat="37.905601" lon="-122.607813"/><trkpt lat="37.905512" lon="-122.607765"/><trkpt lat="37.905446" lon="-122.607707"/><trkpt lat="37.905413" lon="-122.607641"/><trkpt lat="37.905398" lon="-122.607564"/><trkpt lat="37.905413" lon="-122.607457"/><trkpt lat="37.905468" lon="-122.607251"/><trkpt lat="37.905472" lon="-122.607115"/><trkpt lat="37.905450" lon="-122.607020"/><trkpt lat="37.905396" lon="-122.606939"/><trkpt lat="37.905311" lon="-122.606904"/><trkpt lat="37.905163" lon="-122.606914"/><trkpt lat="37.905079" lon="-122.606907"/><trkpt lat="37.905004" lon="-122.606888"/><trkpt lat="37.904948" lon="-122.606841"/><trkpt lat="37.904902" lon="-122.606766"/><trkpt lat="37.904877" lon="-122.606673"/><trkpt lat="37.904877" lon="-122.606562"/><trkpt lat="37.904913" lon="-122.606375"/><trkpt lat="37.904925" lon="-122.606257"/><trkpt lat="37.904915" lon="-122.606168"/><trkpt lat="37.904882" lon="-122.606090"/><trkpt lat="37.904849" lon="-122.606042"/><trkpt lat="37.904794" lon="-122.606004"/><trkpt lat="37.904724" lon="-122.605980"/><trkpt lat="37.904607" lon="-122.605940"/><trkpt lat="37.904535" lon="-122.605900"/><trkpt lat="37.904458" lon="-122.605836"/><trkpt lat="37.904364" lon="-122.605732"/><trkpt lat="37.904059" lon="-122.605357"/><trkpt lat="37.903883" lon="-122.605150"/><trkpt lat="37.903846" lon="-122.605096"/><trkpt lat="37.903818" lon="-122.605045"/><trkpt lat="37.903799" lon="-122.604982"/><trkpt lat="37.903794" lon="-122.604920"/><trkpt lat="37.903800" lon="-122.604866"/><trkpt lat="37.903812" lon="-122.604813"/><trkpt lat="37.903833" lon="-122.604767"/><trkpt lat="37.903862" lon="-122.604723"/><trkpt lat="37.903919" lon="-122.604653"/><trkpt lat="37.904150" lon="-122.604397"/><trkpt lat="37.904214" lon="-122.604324"/><trkpt lat="37.904258" lon="-122.604265"/><trkpt lat="37.904286" lon="-122.604219"/><trkpt lat="37.904299" lon="-122.604197"/><trkpt lat="37.904321" lon="-122.604098"/><trkpt lat="37.904397" lon="-122.604053"/><trkpt lat="37.904513" lon="-122.603983"/><trkpt lat="37.904628" lon="-122.603900"/><trkpt lat="37.904798" lon="-122.603755"/><trkpt lat="37.905160" lon="-122.603373"/><trkpt lat="37.905254" lon="-122.603288"/><trkpt lat="37.905353" lon="-122.603229"/><trkpt lat="37.905437" lon="-122.603189"/><trkpt lat="37.905539" lon="-122.603153"/><trkpt lat="37.905647" lon="-122.603146"/><trkpt lat="37.905723" lon="-122.603137"/><trkpt lat="37.905787" lon="-122.603103"/><trkpt lat="37.905889" lon="-122.602997"/><trkpt lat="37.905977" lon="-122.602911"/><trkpt lat="37.906061" lon="-122.602868"/><trkpt lat="37.906128" lon="-122.602848"/><trkpt lat="37.906180" lon="-122.602838"/><trkpt lat="37.906236" lon="-122.602848"/><trkpt lat="37.906361" lon="-122.602890"/><trkpt lat="37.906469" lon="-122.602916"/><trkpt lat="37.906549" lon="-122.602919"/><trkpt lat="37.906631" lon="-122.602909"/><trkpt lat="37.906687" lon="-122.602896"/><trkpt lat="37.906766" lon="-122.602876"/><trkpt lat="37.906836" lon="-122.602857"/><trkpt lat="37.906891" lon="-122.602828"/><trkpt lat="37.907102" lon="-122.602706"/><trkpt lat="37.907151" lon="-122.602665"/><trkpt lat="37.907200" lon="-122.602613"/><trkpt lat="37.907240" lon="-122.602564"/><trkpt lat="37.907542" lon="-122.602168"/><trkpt lat="37.907591" lon="-122.602118"/><trkpt lat="37.907636" lon="-122.602084"/><trkpt lat="37.907678" lon="-122.602062"/><trkpt lat="37.907726" lon="-122.602048"/><trkpt lat="37.907781" lon="-122.602049"/><trkpt lat="37.907854" lon="-122.602063"/><trkpt lat="37.907932" lon="-122.602080"/><trkpt lat="37.907995" lon="-122.602089"/><trkpt lat="37.908043" lon="-122.602089"/><trkpt lat="37.908094" lon="-122.602082"/><trkpt lat="37.908170" lon="-122.602055"/><trkpt lat="37.908243" lon="-122.602019"/><trkpt lat="37.908349" lon="-122.601962"/><trkpt lat="37.908452" lon="-122.601901"/><trkpt lat="37.908653" lon="-122.601783"/><trkpt lat="37.908865" lon="-122.601655"/><trkpt lat="37.908935" lon="-122.601610"/><trkpt lat="37.909020" lon="-122.601555"/><trkpt lat="37.909073" lon="-122.601516"/><trkpt lat="37.909179" lon="-122.601433"/><trkpt lat="37.909299" lon="-122.601346"/><trkpt lat="37.909351" lon="-122.601315"/><trkpt lat="37.909392" lon="-122.601296"/><trkpt lat="37.909449" lon="-122.601276"/><trkpt lat="37.909505" lon="-122.601266"/><trkpt lat="37.909564" lon="-122.601260"/><trkpt lat="37.909620" lon="-122.601263"/><trkpt lat="37.909742" lon="-122.601279"/><trkpt lat="37.909801" lon="-122.601280"/><trkpt lat="37.909857" lon="-122.601264"/><trkpt lat="37.909857" lon="-122.601264"/><trkpt lat="37.909910" lon="-122.601234"/><trkpt lat="37.909949" lon="-122.601197"/><trkpt lat="37.909984" lon="-122.601136"/><trkpt lat="37.910008" lon="-122.601070"/><trkpt lat="37.910028" lon="-122.600999"/><trkpt lat="37.910045" lon="-122.600910"/><trkpt lat="37.910066" lon="-122.600779"/><trkpt lat="37.910087" lon="-122.600675"/><trkpt lat="37.910108" lon="-122.600580"/><trkpt lat="37.910149" lon="-122.600427"/><trkpt lat="37.910215" lon="-122.600212"/><trkpt lat="37.910277" lon="-122.600008"/><trkpt lat="37.910417" lon="-122.599595"/><trkpt lat="37.910462" lon="-122.599445"/><trkpt lat="37.910496" lon="-122.599307"/><trkpt lat="37.910530" lon="-122.599158"/><trkpt lat="37.910560" lon="-122.599009"/><trkpt lat="37.910584" lon="-122.598857"/><trkpt lat="37.910609" lon="-122.598672"/><trkpt lat="37.910632" lon="-122.598549"/><trkpt lat="37.910670" lon="-122.598383"/><trkpt lat="37.910695" lon="-122.598282"/><trkpt lat="37.910726" lon="-122.598186"/><trkpt lat="37.910753" lon="-122.598127"/><trkpt lat="37.910784" lon="-122.598084"/><trkpt lat="37.910816" lon="-122.598054"/><trkpt lat="37.910853" lon="-122.598028"/><trkpt lat="37.910901" lon="-122.598007"/><trkpt lat="37.910961" lon="-122.597994"/><trkpt lat="37.911019" lon="-122.597993"/><trkpt lat="37.911132" lon="-122.597995"/><trkpt lat="37.911186" lon="-122.597988"/><trkpt lat="37.911234" lon="-122.597959"/><trkpt lat="37.911265" lon="-122.597910"/><trkpt lat="37.911277" lon="-122.597856"/><trkpt lat="37.911274" lon="-122.597772"/><trkpt lat="37.911246" lon="-122.597700"/><trkpt lat="37.911199" lon="-122.597638"/><trkpt lat="37.910963" lon="-122.597437"/><trkpt lat="37.910891" lon="-122.597368"/><trkpt lat="37.910841" lon="-122.597310"/><trkpt lat="37.910805" lon="-122.597254"/><trkpt lat="37.910778" lon="-122.597184"/><trkpt lat="37.910766" lon="-122.597105"/><trkpt lat="37.910772" lon="-122.597034"/><trkpt lat="37.910794" lon="-122.596973"/><trkpt lat="37.910831" lon="-122.596922"/><trkpt lat="37.910876" lon="-122.596889"/><trkpt lat="37.910930" lon="-122.596866"/><trkpt lat="37.911003" lon="-122.596847"/><trkpt lat="37.911082" lon="-122.596840"/><trkpt lat="37.911170" lon="-122.596844"/><trkpt lat="37.911262" lon="-122.596864"/><trkpt lat="37.911352" lon="-122.596895"/><trkpt lat="37.911442" lon="-122.596942"/><trkpt lat="37.911617" lon="-122.597037"/><trkpt lat="37.911720" lon="-122.597084"/><trkpt lat="37.911844" lon="-122.597130"/><trkpt lat="37.911960" lon="-122.597170"/><trkpt lat="37.912068" lon="-122.597207"/><trkpt lat="37.912253" lon="-122.597265"/><trkpt lat="37.912400" lon="-122.597306"/><trkpt lat="37.912506" lon="-122.597329"/><trkpt lat="37.912618" lon="-122.597347"/><trkpt lat="37.912736" lon="-122.597370"/><trkpt lat="37.912822" lon="-122.597379"/><trkpt lat="37.912888" lon="-122.597379"/><trkpt lat="37.912941" lon="-122.597366"/><trkpt lat="37.912985" lon="-122.597346"/><trkpt lat="37.913015" lon="-122.597320"/><trkpt lat="37.913047" lon="-122.597278"/><trkpt lat="37.913067" lon="-122.597229"/><trkpt lat="37.913075" lon="-122.597168"/><trkpt lat="37.913068" lon="-122.597099"/><trkpt lat="37.913054" lon="-122.597042"/><trkpt lat="37.913032" lon="-122.596980"/><trkpt lat="37.912985" lon="-122.596884"/><trkpt lat="37.912939" lon="-122.596795"/><trkpt lat="37.912905" lon="-122.596741"/><trkpt lat="37.912871" lon="-122.596694"/><trkpt lat="37.912826" lon="-122.596645"/><trkpt lat="37.912782" lon="-122.596606"/><trkpt lat="37.912718" lon="-122.596561"/><trkpt lat="37.912513" lon="-122.596425"/><trkpt lat="37.912439" lon="-122.596372"/><trkpt lat="37.912321" lon="-122.596277"/><trkpt lat="37.912237" lon="-122.596204"/><trkpt lat="37.912169" lon="-122.596137"/><trkpt lat="37.912107" lon="-122.596065"/><trkpt lat="37.912058" lon="-122.595995"/><trkpt lat="37.911985" lon="-122.595878"/><trkpt lat="37.911941" lon="-122.595813"/><trkpt lat="37.911901" lon="-122.595760"/><trkpt lat="37.911851" lon="-122.595700"/><trkpt lat="37.911787" lon="-122.595632"/><trkpt lat="37.911710" lon="-122.595560"/><trkpt lat="37.911620" lon="-122.595490"/><trkpt lat="37.911507" lon="-122.595404"/><trkpt lat="37.911431" lon="-122.595341"/><trkpt lat="37.911369" lon="-122.595281"/><trkpt lat="37.911318" lon="-122.595223"/><trkpt lat="37.911225" lon="-122.595102"/><trkpt lat="37.911164" lon="-122.595031"/><trkpt lat="37.911112" lon="-122.594979"/><trkpt lat="37.911051" lon="-122.594931"/><trkpt lat="37.910990" lon="-122.594897"/><trkpt lat="37.910920" lon="-122.594868"/><trkpt lat="37.910847" lon="-122.594849"/><trkpt lat="37.910777" lon="-122.594846"/><trkpt lat="37.910632" lon="-122.594846"/><trkpt lat="37.910574" lon="-122.594843"/><trkpt lat="37.910524" lon="-122.594829"/><trkpt lat="37.910472" lon="-122.594798"/><trkpt lat="37.910437" lon="-122.594758"/><trkpt lat="37.910408" lon="-122.594715"/><trkpt lat="37.910383" lon="-122.594656"/><trkpt lat="37.910369" lon="-122.594601"/><trkpt lat="37.910355" lon="-122.594534"/><trkpt lat="37.910347" lon="-122.594462"/><trkpt lat="37.910345" lon="-122.594377"/><trkpt lat="37.910355" lon="-122.594312"/><trkpt lat="37.910377" lon="-122.594263"/><trkpt lat="37.910412" lon="-122.594227"/><trkpt lat="37.910449" lon="-122.594205"/><trkpt lat="37.910493" lon="-122.594194"/><trkpt lat="37.910552" lon="-122.594195"/><trkpt lat="37.910619" lon="-122.594203"/><trkpt lat="37.910708" lon="-122.594214"/><trkpt lat="37.910749" lon="-122.594200"/><trkpt lat="37.910783" lon="-122.594169"/><trkpt lat="37.910807" lon="-122.594132"/><trkpt lat="37.910823" lon="-122.594062"/><trkpt lat="37.910815" lon="-122.593996"/><trkpt lat="37.910787" lon="-122.593936"/><trkpt lat="37.910673" lon="-122.593781"/><trkpt lat="37.910641" lon="-122.593724"/><trkpt lat="37.910619" lon="-122.593669"/><trkpt lat="37.910598" lon="-122.593601"/><trkpt lat="37.910544" lon="-122.593393"/><trkpt lat="37.910522" lon="-122.593335"/><trkpt lat="37.910490" lon="-122.593282"/><trkpt lat="37.910439" lon="-122.593215"/><trkpt lat="37.910373" lon="-122.593158"/><trkpt lat="37.910273" lon="-122.593079"/><trkpt lat="37.910233" lon="-122.593043"/><trkpt lat="37.910185" lon="-122.592990"/><trkpt lat="37.910144" lon="-122.592930"/><trkpt lat="37.910064" lon="-122.592803"/><trkpt lat="37.910022" lon="-122.592744"/><trkpt lat="37.909978" lon="-122.592694"/><trkpt lat="37.909894" lon="-122.592614"/><trkpt lat="37.909841" lon="-122.592561"/><trkpt lat="37.909800" lon="-122.592512"/><trkpt lat="37.909765" lon="-122.592458"/><trkpt lat="37.909741" lon="-122.592408"/><trkpt lat="37.909722" lon="-122.592346"/><trkpt lat="37.909711" lon="-122.592278"/><trkpt lat="37.909703" lon="-122.592210"/><trkpt lat="37.909698" lon="-122.591945"/><trkpt lat="37.909693" lon="-122.591865"/><trkpt lat="37.909685" lon="-122.591784"/><trkpt lat="37.909675" lon="-122.591708"/><trkpt lat="37.909662" lon="-122.591641"/><trkpt lat="37.909645" lon="-122.591570"/><trkpt lat="37.909620" lon="-122.591498"/><trkpt lat="37.909592" lon="-122.591430"/><trkpt lat="37.909556" lon="-122.591364"/><trkpt lat="37.909513" lon="-122.591285"/><trkpt lat="37.909452" lon="-122.591172"/><trkpt lat="37.909428" lon="-122.591120"/><trkpt lat="37.909406" lon="-122.591065"/><trkpt lat="37.909335" lon="-122.590839"/><trkpt lat="37.909288" lon="-122.590647"/><trkpt lat="37.909263" lon="-122.590527"/><trkpt lat="37.909243" lon="-122.590383"/><trkpt lat="37.909213" lon="-122.590102"/><trkpt lat="37.909165" lon="-122.589774"/><trkpt lat="37.909162" lon="-122.589709"/><trkpt lat="37.909166" lon="-122.589652"/><trkpt lat="37.909175" lon="-122.589603"/><trkpt lat="37.909188" lon="-122.589558"/><trkpt lat="37.909210" lon="-122.589507"/><trkpt lat="37.909236" lon="-122.589467"/><trkpt lat="37.909264" lon="-122.589432"/><trkpt lat="37.909300" lon="-122.589394"/><trkpt lat="37.909339" lon="-122.589361"/><trkpt lat="37.909444" lon="-122.589282"/><trkpt lat="37.909505" lon="-122.589219"/><trkpt lat="37.909556" lon="-122.589156"/><trkpt lat="37.909663" lon="-122.589002"/><trkpt lat="37.909746" lon="-122.588891"/><trkpt lat="37.909826" lon="-122.588790"/><trkpt lat="37.909873" lon="-122.588728"/><trkpt lat="37.909928" lon="-122.588639"/><trkpt lat="37.909978" lon="-122.588502"/><trkpt lat="37.910003" lon="-122.588430"/><trkpt lat="37.910026" lon="-122.588382"/><trkpt lat="37.910047" lon="-122.588344"/><trkpt lat="37.910075" lon="-122.588307"/><trkpt lat="37.910102" lon="-122.588279"/><trkpt lat="37.910141" lon="-122.588251"/><trkpt lat="37.910187" lon="-122.588224"/><trkpt lat="37.910260" lon="-122.588192"/><trkpt lat="37.910487" lon="-122.588119"/><trkpt lat="37.910640" lon="-122.588070"/><trkpt lat="37.910704" lon="-122.588041"/><trkpt lat="37.910760" lon="-122.588006"/><trkpt lat="37.910796" lon="-122.587969"/><trkpt lat="37.910835" lon="-122.587921"/><trkpt lat="37.910854" lon="-122.587881"/><trkpt lat="37.910868" lon="-122.587836"/><trkpt lat="37.910872" lon="-122.587784"/><trkpt lat="37.910869" lon="-122.587735"/><trkpt lat="37.910858" lon="-122.587696"/><trkpt lat="37.910839" lon="-122.587647"/><trkpt lat="37.910803" lon="-122.587590"/><trkpt lat="37.910775" lon="-122.587548"/><trkpt lat="37.910750" lon="-122.587500"/><trkpt lat="37.910728" lon="-122.587444"/><trkpt lat="37.910709" lon="-122.587379"/><trkpt lat="37.910689" lon="-122.587301"/><trkpt lat="37.910675" lon="-122.587229"/><trkpt lat="37.910666" lon="-122.587170"/><trkpt lat="37.910661" lon="-122.587103"/><trkpt lat="37.910666" lon="-122.587046"/><trkpt lat="37.910681" lon="-122.586999"/><trkpt lat="37.910704" lon="-122.586954"/><trkpt lat="37.910730" lon="-122.586918"/><trkpt lat="37.910763" lon="-122.586890"/><trkpt lat="37.910798" lon="-122.586867"/><trkpt lat="37.910840" lon="-122.586848"/><trkpt lat="37.910886" lon="-122.586835"/><trkpt lat="37.910932" lon="-122.586827"/><trkpt lat="37.910982" lon="-122.586824"/><trkpt lat="37.911035" lon="-122.586825"/><trkpt lat="37.911091" lon="-122.586829"/><trkpt lat="37.911205" lon="-122.586845"/><trkpt lat="37.911293" lon="-122.586859"/><trkpt lat="37.911373" lon="-122.586869"/><trkpt lat="37.911433" lon="-122.586867"/><trkpt lat="37.911487" lon="-122.586856"/><trkpt lat="37.911564" lon="-122.586823"/><trkpt lat="37.911623" lon="-122.586790"/><trkpt lat="37.911684" lon="-122.586762"/><trkpt lat="37.911772" lon="-122.586734"/><trkpt lat="37.911836" lon="-122.586718"/><trkpt lat="37.911981" lon="-122.586681"/><trkpt lat="37.912109" lon="-122.586643"/><trkpt lat="37.912197" lon="-122.586613"/><trkpt lat="37.912275" lon="-122.586578"/><trkpt lat="37.912334" lon="-122.586550"/><trkpt lat="37.912379" lon="-122.586517"/><trkpt lat="37.912416" lon="-122.586479"/><trkpt lat="37.912444" lon="-122.586438"/><trkpt lat="37.912465" lon="-122.586399"/><trkpt lat="37.912478" lon="-122.586350"/><trkpt lat="37.912482" lon="-122.586294"/><trkpt lat="37.912480" lon="-122.586249"/><trkpt lat="37.912466" lon="-122.586195"/><trkpt lat="37.912450" lon="-122.586144"/><trkpt lat="37.912427" lon="-122.586089"/><trkpt lat="37.912399" lon="-122.586014"/><trkpt lat="37.912376" lon="-122.585949"/><trkpt lat="37.912358" lon="-122.585889"/><trkpt lat="37.912343" lon="-122.585820"/><trkpt lat="37.912334" lon="-122.585746"/><trkpt lat="37.912331" lon="-122.585673"/><trkpt lat="37.912337" lon="-122.585603"/><trkpt lat="37.912353" lon="-122.585527"/><trkpt lat="37.912375" lon="-122.585452"/><trkpt lat="37.912455" lon="-122.585222"/><trkpt lat="37.912482" lon="-122.585158"/><trkpt lat="37.912504" lon="-122.585118"/><trkpt lat="37.912532" lon="-122.585081"/><trkpt lat="37.912560" lon="-122.585051"/><trkpt lat="37.912594" lon="-122.585024"/><trkpt lat="37.912630" lon="-122.585005"/><trkpt lat="37.912665" lon="-122.584993"/><trkpt lat="37.912709" lon="-122.584986"/><trkpt lat="37.912753" lon="-122.584985"/><trkpt lat="37.912804" lon="-122.584988"/><trkpt lat="37.912872" lon="-122.585000"/><trkpt lat="37.913158" lon="-122.585074"/><trkpt lat="37.913227" lon="-122.585090"/><trkpt lat="37.913281" lon="-122.585097"/><trkpt lat="37.913330" lon="-122.585095"/><trkpt lat="37.913377" lon="-122.585085"/><trkpt lat="37.913422" lon="-122.585069"/><trkpt lat="37.913474" lon="-122.585043"/><trkpt lat="37.913696" lon="-122.584900"/><trkpt lat="37.913770" lon="-122.584860"/><trkpt lat="37.913845" lon="-122.584824"/><trkpt lat="37.913927" lon="-122.584792"/><trkpt lat="37.914013" lon="-122.584758"/><trkpt lat="37.914168" lon="-122.584691"/><trkpt lat="37.914300" lon="-122.584619"/><trkpt lat="37.914442" lon="-122.584549"/><trkpt lat="37.914554" lon="-122.584507"/><trkpt lat="37.914640" lon="-122.584457"/><trkpt lat="37.914710" lon="-122.584382"/><trkpt lat="37.914769" lon="-122.584277"/><trkpt lat="37.914819" lon="-122.584161"/><trkpt lat="37.914875" lon="-122.584066"/><trkpt lat="37.914939" lon="-122.583974"/><trkpt lat="37.915001" lon="-122.583899"/><trkpt lat="37.915053" lon="-122.583844"/><trkpt lat="37.915104" lon="-122.583806"/><trkpt lat="37.915149" lon="-122.583784"/><trkpt lat="37.915197" lon="-122.583771"/><trkpt lat="37.915298" lon="-122.583751"/><trkpt lat="37.915384" lon="-122.583729"/><trkpt lat="37.915441" lon="-122.583707"/><trkpt lat="37.915488" lon="-122.583680"/><trkpt lat="37.915611" lon="-122.583595"/><trkpt lat="37.915726" lon="-122.583499"/><trkpt lat="37.915818" lon="-122.583409"/><trkpt lat="37.915885" lon="-122.583340"/><trkpt lat="37.915924" lon="-122.583291"/><trkpt lat="37.915946" lon="-122.583246"/><trkpt lat="37.915960" lon="-122.583207"/><trkpt lat="37.915969" lon="-122.583166"/><trkpt lat="37.915971" lon="-122.583121"/><trkpt lat="37.915966" lon="-122.583076"/><trkpt lat="37.915953" lon="-122.583027"/><trkpt lat="37.915932" lon="-122.582982"/><trkpt lat="37.915904" lon="-122.582948"/><trkpt lat="37.915873" lon="-122.582920"/><trkpt lat="37.915837" lon="-122.582896"/><trkpt lat="37.915711" lon="-122.582832"/><trkpt lat="37.915656" lon="-122.582800"/><trkpt lat="37.915607" lon="-122.582767"/><trkpt lat="37.915520" lon="-122.582696"/><trkpt lat="37.915478" lon="-122.582664"/><trkpt lat="37.915438" lon="-122.582642"/><trkpt lat="37.915394" lon="-122.582624"/><trkpt lat="37.915350" lon="-122.582613"/><trkpt lat="37.915306" lon="-122.582610"/><trkpt lat="37.915259" lon="-122.582612"/><trkpt lat="37.915107" lon="-122.582624"/><trkpt lat="37.914970" lon="-122.582627"/><trkpt lat="37.914796" lon="-122.582610"/><trkpt lat="37.914692" lon="-122.582602"/><trkpt lat="37.914554" lon="-122.582584"/><trkpt lat="37.914358" lon="-122.582559"/><trkpt lat="37.914285" lon="-122.582546"/><trkpt lat="37.914223" lon="-122.582529"/><trkpt lat="37.914174" lon="-122.582509"/><trkpt lat="37.914120" lon="-122.582478"/><trkpt lat="37.914063" lon="-122.582438"/><trkpt lat="37.914008" lon="-122.582395"/><trkpt lat="37.913924" lon="-122.582318"/><trkpt lat="37.913871" lon="-122.582261"/><trkpt lat="37.913820" lon="-122.582202"/><trkpt lat="37.913719" lon="-122.582060"/><trkpt lat="37.913591" lon="-122.581849"/><trkpt lat="37.913544" lon="-122.581770"/><trkpt lat="37.913490" lon="-122.581693"/><trkpt lat="37.913421" lon="-122.581615"/><trkpt lat="37.913347" lon="-122.581541"/><trkpt lat="37.913287" lon="-122.581485"/><trkpt lat="37.913226" lon="-122.581440"/><trkpt lat="37.913161" lon="-122.581401"/><trkpt lat="37.913096" lon="-122.581373"/><trkpt lat="37.913049" lon="-122.581350"/><trkpt lat="37.913014" lon="-122.581325"/><trkpt lat="37.912981" lon="-122.581294"/><trkpt lat="37.912955" lon="-122.581263"/><trkpt lat="37.912930" lon="-122.581225"/><trkpt lat="37.912905" lon="-122.581173"/><trkpt lat="37.912881" lon="-122.581113"/><trkpt lat="37.912848" lon="-122.581017"/><trkpt lat="37.912818" lon="-122.580934"/><trkpt lat="37.912783" lon="-122.580840"/><trkpt lat="37.912748" lon="-122.580764"/><trkpt lat="37.912717" lon="-122.580722"/><trkpt lat="37.912660" lon="-122.580658"/><trkpt lat="37.912552" lon="-122.580550"/><trkpt lat="37.912501" lon="-122.580490"/><trkpt lat="37.912472" lon="-122.580453"/><trkpt lat="37.912449" lon="-122.580415"/><trkpt lat="37.912426" lon="-122.580374"/><trkpt lat="37.912407" lon="-122.580328"/><trkpt lat="37.912391" lon="-122.580279"/><trkpt lat="37.912382" lon="-122.580224"/><trkpt lat="37.912376" lon="-122.580168"/><trkpt lat="37.912369" lon="-122.580067"/><trkpt lat="37.912362" lon="-122.580013"/><trkpt lat="37.912351" lon="-122.579963"/><trkpt lat="37.912331" lon="-122.579908"/><trkpt lat="37.912310" lon="-122.579865"/><trkpt lat="37.912282" lon="-122.579824"/><trkpt lat="37.912242" lon="-122.579781"/><trkpt lat="37.912157" lon="-122.579696"/><trkpt lat="37.912121" lon="-122.579653"/><trkpt lat="37.912087" lon="-122.579603"/><trkpt lat="37.912042" lon="-122.579523"/><trkpt lat="37.911994" lon="-122.579420"/><trkpt lat="37.911949" lon="-122.579322"/><trkpt lat="37.911914" lon="-122.579264"/><trkpt lat="37.911880" lon="-122.579225"/><trkpt lat="37.911824" lon="-122.579183"/><trkpt lat="37.911764" lon="-122.579154"/><trkpt lat="37.911662" lon="-122.579119"/><trkpt lat="37.911559" lon="-122.579090"/><trkpt lat="37.911499" lon="-122.579072"/><trkpt lat="37.911445" lon="-122.579048"/><trkpt lat="37.911395" lon="-122.579009"/><trkpt lat="37.911367" lon="-122.578981"/><trkpt lat="37.911344" lon="-122.578948"/><trkpt lat="37.911327" lon="-122.578910"/><trkpt lat="37.911309" lon="-122.578854"/><trkpt lat="37.911294" lon="-122.578787"/><trkpt lat="37.911280" lon="-122.578686"/><trkpt lat="37.911266" lon="-122.578623"/><trkpt lat="37.911244" lon="-122.578571"/><trkpt lat="37.911215" lon="-122.578512"/><trkpt lat="37.911178" lon="-122.578454"/><trkpt lat="37.911085" lon="-122.578301"/><trkpt lat="37.911028" lon="-122.578186"/><trkpt lat="37.910963" lon="-122.578051"/><trkpt lat="37.910920" lon="-122.577953"/><trkpt lat="37.910886" lon="-122.577868"/><trkpt lat="37.910862" lon="-122.577783"/><trkpt lat="37.910840" lon="-122.577696"/><trkpt lat="37.910812" lon="-122.577521"/><trkpt lat="37.910799" lon="-122.577433"/><trkpt lat="37.910777" lon="-122.577362"/><trkpt lat="37.910754" lon="-122.577308"/><trkpt lat="37.910731" lon="-122.577263"/><trkpt lat="37.910702" lon="-122.577220"/><trkpt lat="37.910662" lon="-122.577172"/><trkpt lat="37.910628" lon="-122.577132"/><trkpt lat="37.910561" lon="-122.577082"/><trkpt lat="37.910489" lon="-122.577048"/><trkpt lat="37.910412" lon="-122.577029"/><trkpt lat="37.910361" lon="-122.577026"/><trkpt lat="37.910320" lon="-122.577026"/><trkpt lat="37.910191" lon="-122.577035"/><trkpt lat="37.910115" lon="-122.577040"/><trkpt lat="37.910022" lon="-122.577035"/><trkpt lat="37.909952" lon="-122.577020"/><trkpt lat="37.909865" lon="-122.577000"/><trkpt lat="37.909791" lon="-122.576970"/><trkpt lat="37.909686" lon="-122.576905"/><trkpt lat="37.909543" lon="-122.576805"/><trkpt lat="37.909451" lon="-122.576740"/><trkpt lat="37.909204" lon="-122.576563"/><trkpt lat="37.908929" lon="-122.576357"/><trkpt lat="37.908720" lon="-122.576202"/><trkpt lat="37.908543" lon="-122.576067"/><trkpt lat="37.908332" lon="-122.575865"/><trkpt lat="37.908184" lon="-122.575716"/><trkpt lat="37.907934" lon="-122.575467"/><trkpt lat="37.907831" lon="-122.575365"/><trkpt lat="37.907738" lon="-122.575281"/><trkpt lat="37.907607" lon="-122.575186"/><trkpt lat="37.907433" lon="-122.575059"/><trkpt lat="37.907334" lon="-122.574983"/><trkpt lat="37.907239" lon="-122.574894"/><trkpt lat="37.907125" lon="-122.574779"/><trkpt lat="37.907022" lon="-122.574668"/><trkpt lat="37.906664" lon="-122.574297"/><trkpt lat="37.906481" lon="-122.574095"/><trkpt lat="37.906302" lon="-122.573880"/><trkpt lat="37.906152" lon="-122.573655"/><trkpt lat="37.906068" lon="-122.573497"/><trkpt lat="37.905999" lon="-122.573401"/><trkpt lat="37.905930" lon="-122.573331"/><trkpt lat="37.905853" lon="-122.573275"/><trkpt lat="37.905778" lon="-122.573239"/><trkpt lat="37.905659" lon="-122.573173"/><trkpt lat="37.905562" lon="-122.573119"/><trkpt lat="37.905516" lon="-122.573067"/><trkpt lat="37.905487" lon="-122.573024"/><trkpt lat="37.905467" lon="-122.572993"/><trkpt lat="37.905412" lon="-122.572875"/><trkpt lat="37.905371" lon="-122.572742"/><trkpt lat="37.905297" lon="-122.572383"/><trkpt lat="37.905233" lon="-122.572148"/><trkpt lat="37.905164" lon="-122.571893"/><trkpt lat="37.905103" lon="-122.571602"/><trkpt lat="37.905064" lon="-122.571385"/><trkpt lat="37.905011" lon="-122.571193"/><trkpt lat="37.904965" lon="-122.571064"/><trkpt lat="37.904942" lon="-122.570999"/><trkpt lat="37.904858" lon="-122.570779"/><trkpt lat="37.904812" lon="-122.570658"/><trkpt lat="37.904746" lon="-122.570509"/><trkpt lat="37.904694" lon="-122.570422"/><trkpt lat="37.904640" lon="-122.570365"/><trkpt lat="37.904598" lon="-122.570328"/><trkpt lat="37.904513" lon="-122.570281"/><trkpt lat="37.904384" lon="-122.570226"/><trkpt lat="37.904315" lon="-122.570193"/><trkpt lat="37.904253" lon="-122.570147"/><trkpt lat="37.904163" lon="-122.570052"/><trkpt lat="37.904085" lon="-122.569935"/><trkpt lat="37.904022" lon="-122.569825"/><trkpt lat="37.904001" lon="-122.569794"/><trkpt lat="37.903966" lon="-122.569747"/><trkpt lat="37.903936" lon="-122.569717"/><trkpt lat="37.903900" lon="-122.569690"/><trkpt lat="37.903850" lon="-122.569672"/><trkpt lat="37.903787" lon="-122.569654"/><trkpt lat="37.903701" lon="-122.569647"/><trkpt lat="37.903568" lon="-122.569655"/><trkpt lat="37.903435" lon="-122.569670"/><trkpt lat="37.903270" lon="-122.569680"/><trkpt lat="37.903159" lon="-122.569682"/><trkpt lat="37.903055" lon="-122.569676"/><trkpt lat="37.902919" lon="-122.569660"/><trkpt lat="37.902820" lon="-122.569644"/><trkpt lat="37.902716" lon="-122.569621"/><trkpt lat="37.902639" lon="-122.569597"/><trkpt lat="37.902560" lon="-122.569559"/><trkpt lat="37.902476" lon="-122.569510"/><trkpt lat="37.902380" lon="-122.569440"/><trkpt lat="37.902226" lon="-122.569293"/><trkpt lat="37.902165" lon="-122.569234"/><trkpt lat="37.902062" lon="-122.569132"/><trkpt lat="37.901963" lon="-122.569014"/><trkpt lat="37.901842" lon="-122.568861"/><trkpt lat="37.901779" lon="-122.568802"/><trkpt lat="37.901714" lon="-122.568747"/><trkpt lat="37.901447" lon="-122.568550"/><trkpt lat="37.901342" lon="-122.568469"/><trkpt lat="37.901276" lon="-122.568391"/><trkpt lat="37.901215" lon="-122.568301"/><trkpt lat="37.901175" lon="-122.568188"/><trkpt lat="37.901137" lon="-122.568058"/><trkpt lat="37.901047" lon="-122.567650"/><trkpt lat="37.901034" lon="-122.567594"/><trkpt lat="37.901000" lon="-122.567388"/><trkpt lat="37.900971" lon="-122.567267"/><trkpt lat="37.900966" lon="-122.567248"/><trkpt lat="37.900928" lon="-122.567137"/><trkpt lat="37.900884" lon="-122.567063"/><trkpt lat="37.900828" lon="-122.566997"/><trkpt lat="37.900775" lon="-122.566957"/><trkpt lat="37.900666" lon="-122.566877"/><trkpt lat="37.900591" lon="-122.566820"/><trkpt lat="37.900541" lon="-122.566772"/><trkpt lat="37.900485" lon="-122.566712"/><trkpt lat="37.900438" lon="-122.566647"/><trkpt lat="37.900368" lon="-122.566474"/><trkpt lat="37.900301" lon="-122.566265"/><trkpt lat="37.900214" lon="-122.565966"/><trkpt lat="37.900130" lon="-122.565674"/><trkpt lat="37.900053" lon="-122.565457"/><trkpt lat="37.900010" lon="-122.565292"/><trkpt lat="37.900002" lon="-122.565216"/><trkpt lat="37.900005" lon="-122.565136"/><trkpt lat="37.900014" lon="-122.565106"/><trkpt lat="37.900027" lon="-122.565066"/><trkpt lat="37.900056" lon="-122.564999"/><trkpt lat="37.900138" lon="-122.564859"/><trkpt lat="37.900212" lon="-122.564748"/><trkpt lat="37.900280" lon="-122.564635"/><trkpt lat="37.900306" lon="-122.564573"/><trkpt lat="37.900324" lon="-122.564507"/><trkpt lat="37.900330" lon="-122.564445"/><trkpt lat="37.900328" lon="-122.564385"/><trkpt lat="37.900300" lon="-122.564296"/><trkpt lat="37.900271" lon="-122.564236"/><trkpt lat="37.900233" lon="-122.564178"/><trkpt lat="37.900133" lon="-122.564044"/><trkpt lat="37.900094" lon="-122.563988"/><trkpt lat="37.900060" lon="-122.563921"/><trkpt lat="37.900041" lon="-122.563861"/><trkpt lat="37.900021" lon="-122.563773"/><trkpt lat="37.900014" lon="-122.563684"/><trkpt lat="37.900009" lon="-122.563594"/><trkpt lat="37.900003" lon="-122.563416"/><trkpt lat="37.899997" lon="-122.563331"/><trkpt lat="37.899987" lon="-122.563268"/><trkpt lat="37.899970" lon="-122.563163"/><trkpt lat="37.899909" lon="-122.563027"/><trkpt lat="37.899819" lon="-122.562885"/><trkpt lat="37.899754" lon="-122.562789"/><trkpt lat="37.899681" lon="-122.562688"/><trkpt lat="37.899599" lon="-122.562608"/><trkpt lat="37.899540" lon="-122.562572"/><trkpt lat="37.899480" lon="-122.562543"/><trkpt lat="37.899335" lon="-122.562485"/><trkpt lat="37.899196" lon="-122.562432"/><trkpt lat="37.899114" lon="-122.562407"/><trkpt lat="37.899023" lon="-122.562391"/><trkpt lat="37.898965" lon="-122.562392"/><trkpt lat="37.898911" lon="-122.562399"/><trkpt lat="37.898849" lon="-122.562417"/><trkpt lat="37.898768" lon="-122.562450"/><trkpt lat="37.898602" lon="-122.562528"/><trkpt lat="37.898525" lon="-122.562562"/><trkpt lat="37.898480" lon="-122.562575"/><trkpt lat="37.898432" lon="-122.562582"/><trkpt lat="37.898368" lon="-122.562577"/><trkpt lat="37.898313" lon="-122.562571"/><trkpt lat="37.898262" lon="-122.562559"/><trkpt lat="37.898222" lon="-122.562539"/><trkpt lat="37.898181" lon="-122.562514"/><trkpt lat="37.898133" lon="-122.562474"/><trkpt lat="37.898087" lon="-122.562417"/><trkpt lat="37.898044" lon="-122.562351"/><trkpt lat="37.898020" lon="-122.562295"/><trkpt lat="37.897999" lon="-122.562231"/><trkpt lat="37.897981" lon="-122.562142"/><trkpt lat="37.897964" lon="-122.562000"/><trkpt lat="37.897953" lon="-122.561923"/><trkpt lat="37.897936" lon="-122.561858"/><trkpt lat="37.897915" lon="-122.561803"/><trkpt lat="37.897887" lon="-122.561748"/><trkpt lat="37.897855" lon="-122.561695"/><trkpt lat="37.897742" lon="-122.561534"/><trkpt lat="37.897600" lon="-122.561337"/><trkpt lat="37.897546" lon="-122.561275"/><trkpt lat="37.897466" lon="-122.561207"/><trkpt lat="37.897311" lon="-122.561107"/><trkpt lat="37.897271" lon="-122.561076"/><trkpt lat="37.897232" lon="-122.561037"/><trkpt lat="37.897199" lon="-122.561003"/><trkpt lat="37.897166" lon="-122.560960"/><trkpt lat="37.897090" lon="-122.560852"/><trkpt lat="37.897061" lon="-122.560806"/><trkpt lat="37.897012" lon="-122.560727"/><trkpt lat="37.896941" lon="-122.560598"/><trkpt lat="37.896898" lon="-122.560509"/><trkpt lat="37.896845" lon="-122.560398"/><trkpt lat="37.896832" lon="-122.560367"/><trkpt lat="37.896792" lon="-122.560273"/><trkpt lat="37.896711" lon="-122.560085"/><trkpt lat="37.896679" lon="-122.560005"/><trkpt lat="37.896644" lon="-122.559934"/><trkpt lat="37.896584" lon="-122.559836"/><trkpt lat="37.896569" lon="-122.559810"/><trkpt lat="37.896476" lon="-122.559682"/><trkpt lat="37.896247" lon="-122.559377"/><trkpt lat="37.896184" lon="-122.559292"/><trkpt lat="37.896085" lon="-122.559165"/><trkpt lat="37.895998" lon="-122.559064"/><trkpt lat="37.895952" lon="-122.559020"/><trkpt lat="37.895911" lon="-122.558987"/><trkpt lat="37.895794" lon="-122.558904"/><trkpt lat="37.895673" lon="-122.558838"/><trkpt lat="37.895512" lon="-122.558762"/><trkpt lat="37.895350" lon="-122.558698"/><trkpt lat="37.895216" lon="-122.558655"/><trkpt lat="37.895078" lon="-122.558620"/><trkpt lat="37.894809" lon="-122.558577"/><trkpt lat="37.894680" lon="-122.558546"/><trkpt lat="37.894609" lon="-122.558520"/><trkpt lat="37.894542" lon="-122.558491"/><trkpt lat="37.894436" lon="-122.558427"/><trkpt lat="37.894311" lon="-122.558332"/><trkpt lat="37.894092" lon="-122.558158"/><trkpt lat="37.893974" lon="-122.558057"/><trkpt lat="37.893865" lon="-122.557950"/><trkpt lat="37.893749" lon="-122.557819"/><trkpt lat="37.893697" lon="-122.557754"/><trkpt lat="37.893643" lon="-122.557676"/><trkpt lat="37.893611" lon="-122.557615"/><trkpt lat="37.893590" lon="-122.557565"/><trkpt lat="37.893573" lon="-122.557504"/><trkpt lat="37.893555" lon="-122.557420"/><trkpt lat="37.893535" lon="-122.557323"/><trkpt lat="37.893513" lon="-122.557241"/><trkpt lat="37.893572" lon="-122.557232"/><trkpt lat="37.893639" lon="-122.557216"/><trkpt lat="37.893704" lon="-122.557209"/><trkpt lat="37.893923" lon="-122.557194"/><trkpt lat="37.894146" lon="-122.557176"/><trkpt lat="37.894359" lon="-122.557149"/><trkpt lat="37.894577" lon="-122.557114"/><trkpt lat="37.894793" lon="-122.557093"/><trkpt lat="37.894865" lon="-122.557101"/><trkpt lat="37.894934" lon="-122.557127"/><trkpt lat="37.895022" lon="-122.557180"/><trkpt lat="37.895172" lon="-122.557292"/><trkpt lat="37.895336" lon="-122.557435"/><trkpt lat="37.895625" lon="-122.557698"/><trkpt lat="37.895927" lon="-122.557960"/><trkpt lat="37.896053" lon="-122.558066"/><trkpt lat="37.896079" lon="-122.558088"/><trkpt lat="37.896229" lon="-122.558190"/><trkpt lat="37.896401" lon="-122.558270"/><trkpt lat="37.896570" lon="-122.558325"/><trkpt lat="37.896751" lon="-122.558387"/><trkpt lat="37.896847" lon="-122.558413"/><trkpt lat="37.896961" lon="-122.558429"/><trkpt lat="37.897090" lon="-122.558427"/><trkpt lat="37.897240" lon="-122.558409"/><trkpt lat="37.897380" lon="-122.558378"/><trkpt lat="37.897517" lon="-122.558370"/><trkpt lat="37.897579" lon="-122.558383"/><trkpt lat="37.897586" lon="-122.558385"/><trkpt lat="37.897654" lon="-122.558420"/><trkpt lat="37.897720" lon="-122.558474"/><trkpt lat="37.897775" lon="-122.558532"/><trkpt lat="37.897815" lon="-122.558584"/><trkpt lat="37.897859" lon="-122.558628"/><trkpt lat="37.897909" lon="-122.558647"/><trkpt lat="37.897957" lon="-122.558657"/><trkpt lat="37.898006" lon="-122.558654"/><trkpt lat="37.898085" lon="-122.558629"/><trkpt lat="37.898189" lon="-122.558579"/><trkpt lat="37.898329" lon="-122.558533"/><trkpt lat="37.898403" lon="-122.558515"/><trkpt lat="37.898467" lon="-122.558513"/><trkpt lat="37.898516" lon="-122.558527"/><trkpt lat="37.898562" lon="-122.558548"/><trkpt lat="37.898629" lon="-122.558581"/><trkpt lat="37.898691" lon="-122.558602"/><trkpt lat="37.898754" lon="-122.558606"/><trkpt lat="37.898802" lon="-122.558597"/><trkpt lat="37.898881" lon="-122.558579"/><trkpt lat="37.898957" lon="-122.558579"/><trkpt lat="37.899043" lon="-122.558593"/><trkpt lat="37.899107" lon="-122.558597"/><trkpt lat="37.899180" lon="-122.558583"/><trkpt lat="37.899231" lon="-122.558558"/><trkpt lat="37.899279" lon="-122.558527"/><trkpt lat="37.899364" lon="-122.558457"/><trkpt lat="37.899514" lon="-122.558322"/><trkpt lat="37.899611" lon="-122.558233"/><trkpt lat="37.899675" lon="-122.558180"/><trkpt lat="37.899726" lon="-122.558149"/><trkpt lat="37.899776" lon="-122.558144"/><trkpt lat="37.899834" lon="-122.558164"/><trkpt lat="37.899878" lon="-122.558202"/><trkpt lat="37.899919" lon="-122.558253"/><trkpt lat="37.899958" lon="-122.558322"/><trkpt lat="37.900016" lon="-122.558410"/><trkpt lat="37.900070" lon="-122.558472"/><trkpt lat="37.900118" lon="-122.558501"/><trkpt lat="37.900176" lon="-122.558509"/><trkpt lat="37.900226" lon="-122.558496"/><trkpt lat="37.900284" lon="-122.558460"/><trkpt lat="37.900362" lon="-122.558382"/><trkpt lat="37.900432" lon="-122.558317"/><trkpt lat="37.900496" lon="-122.558271"/><trkpt lat="37.900585" lon="-122.558221"/><trkpt lat="37.900706" lon="-122.558188"/><trkpt lat="37.900818" lon="-122.558171"/><trkpt lat="37.900974" lon="-122.558152"/><trkpt lat="37.901152" lon="-122.558134"/><trkpt lat="37.901273" lon="-122.558125"/><trkpt lat="37.901502" lon="-122.558130"/><trkpt lat="37.901616" lon="-122.558138"/><trkpt lat="37.901729" lon="-122.558149"/><trkpt lat="37.901802" lon="-122.558176"/><trkpt lat="37.901870" lon="-122.558213"/><trkpt lat="37.901942" lon="-122.558276"/><trkpt lat="37.902081" lon="-122.558434"/><trkpt lat="37.902115" lon="-122.558462"/><trkpt lat="37.902149" lon="-122.558474"/><trkpt lat="37.902190" lon="-122.558469"/><trkpt lat="37.902241" lon="-122.558444"/><trkpt lat="37.902276" lon="-122.558406"/><trkpt lat="37.902299" lon="-122.558342"/><trkpt lat="37.902315" lon="-122.558262"/><trkpt lat="37.902319" lon="-122.558166"/><trkpt lat="37.902329" lon="-122.557832"/><trkpt lat="37.902337" lon="-122.557718"/><trkpt lat="37.902348" lon="-122.557644"/><trkpt lat="37.902370" lon="-122.557547"/><trkpt lat="37.902414" lon="-122.557408"/><trkpt lat="37.902464" lon="-122.557271"/><trkpt lat="37.902617" lon="-122.556908"/><trkpt lat="37.902664" lon="-122.556794"/><trkpt lat="37.902683" lon="-122.556658"/><trkpt lat="37.902690" lon="-122.556521"/><trkpt lat="37.902688" lon="-122.556425"/><trkpt lat="37.902674" lon="-122.556353"/><trkpt lat="37.902641" lon="-122.556277"/><trkpt lat="37.902593" lon="-122.556215"/><trkpt lat="37.902490" lon="-122.556088"/><trkpt lat="37.902388" lon="-122.555938"/><trkpt lat="37.902325" lon="-122.555831"/><trkpt lat="37.902286" lon="-122.555733"/><trkpt lat="37.902266" lon="-122.555641"/><trkpt lat="37.902240" lon="-122.555562"/><trkpt lat="37.902210" lon="-122.555501"/><trkpt lat="37.902173" lon="-122.555441"/><trkpt lat="37.902115" lon="-122.555374"/><trkpt lat="37.901911" lon="-122.555169"/><trkpt lat="37.901730" lon="-122.554972"/><trkpt lat="37.901626" lon="-122.554838"/><trkpt lat="37.901572" lon="-122.554760"/><trkpt lat="37.901518" lon="-122.554667"/><trkpt lat="37.901465" lon="-122.554557"/><trkpt lat="37.901367" lon="-122.554268"/><trkpt lat="37.901271" lon="-122.553982"/><trkpt lat="37.901202" lon="-122.553779"/><trkpt lat="37.901142" lon="-122.553572"/><trkpt lat="37.901131" lon="-122.553506"/><trkpt lat="37.901123" lon="-122.553446"/><trkpt lat="37.901127" lon="-122.553386"/><trkpt lat="37.901144" lon="-122.553313"/><trkpt lat="37.901203" lon="-122.553174"/><trkpt lat="37.901243" lon="-122.553078"/><trkpt lat="37.901261" lon="-122.553018"/><trkpt lat="37.901270" lon="-122.552953"/><trkpt lat="37.901276" lon="-122.552798"/><trkpt lat="37.901287" lon="-122.552646"/><trkpt lat="37.901304" lon="-122.552495"/><trkpt lat="37.901311" lon="-122.552173"/><trkpt lat="37.901314" lon="-122.551677"/><trkpt lat="37.901315" lon="-122.551568"/><trkpt lat="37.901315" lon="-122.551480"/><trkpt lat="37.901308" lon="-122.551365"/><trkpt lat="37.901295" lon="-122.551290"/><trkpt lat="37.901275" lon="-122.551215"/><trkpt lat="37.901253" lon="-122.551137"/><trkpt lat="37.901224" lon="-122.551074"/><trkpt lat="37.901187" lon="-122.551003"/><trkpt lat="37.901119" lon="-122.550909"/><trkpt lat="37.901010" lon="-122.550773"/><trkpt lat="37.900924" lon="-122.550654"/><trkpt lat="37.900868" lon="-122.550565"/><trkpt lat="37.900811" lon="-122.550451"/><trkpt lat="37.900783" lon="-122.550383"/><trkpt lat="37.900761" lon="-122.550315"/><trkpt lat="37.900754" lon="-122.550243"/><trkpt lat="37.900755" lon="-122.550143"/><trkpt lat="37.900764" lon="-122.549989"/><trkpt lat="37.900768" lon="-122.549898"/><trkpt lat="37.900764" lon="-122.549823"/><trkpt lat="37.900757" lon="-122.549754"/><trkpt lat="37.900743" lon="-122.549682"/><trkpt lat="37.900726" lon="-122.549612"/><trkpt lat="37.900674" lon="-122.549460"/><trkpt lat="37.900629" lon="-122.549331"/><trkpt lat="37.900552" lon="-122.549129"/><trkpt lat="37.901017" lon="-122.548911"/><trkpt lat="37.901238" lon="-122.548770"/><trkpt lat="37.901335" lon="-122.548741"/><trkpt lat="37.902078" lon="-122.548861"/><trkpt lat="37.902082" lon="-122.549004"/><trkpt lat="37.902148" lon="-122.549205"/><trkpt lat="37.902268" lon="-122.549572"/><trkpt lat="37.902288" lon="-122.549465"/><trkpt lat="37.902279" lon="-122.549358"/><trkpt lat="37.902264" lon="-122.549239"/><trkpt lat="37.902277" lon="-122.549188"/><trkpt lat="37.902303" lon="-122.549165"/><trkpt lat="37.902346" lon="-122.549149"/><trkpt lat="37.902431" lon="-122.549157"/><trkpt lat="37.902758" lon="-122.549242"/><trkpt lat="37.902828" lon="-122.549255"/><trkpt lat="37.902870" lon="-122.549254"/><trkpt lat="37.902910" lon="-122.549241"/><trkpt lat="37.903130" lon="-122.549118"/><trkpt lat="37.903175" lon="-122.549063"/><trkpt lat="37.903223" lon="-122.549014"/><trkpt lat="37.903266" lon="-122.548983"/><trkpt lat="37.903312" lon="-122.548994"/><trkpt lat="37.903352" lon="-122.549030"/><trkpt lat="37.903622" lon="-122.549305"/><trkpt lat="37.903687" lon="-122.549347"/><trkpt lat="37.903756" lon="-122.549379"/><trkpt lat="37.903835" lon="-122.549392"/><trkpt lat="37.903884" lon="-122.549385"/><trkpt lat="37.903919" lon="-122.549364"/><trkpt lat="37.903961" lon="-122.549333"/><trkpt lat="37.904042" lon="-122.549243"/><trkpt lat="37.904116" lon="-122.549189"/><trkpt lat="37.904162" lon="-122.549184"/><trkpt lat="37.904205" lon="-122.549193"/><trkpt lat="37.904017" lon="-122.549475"/><trkpt lat="37.903932" lon="-122.549559"/><trkpt lat="37.903916" lon="-122.549607"/><trkpt lat="37.903920" lon="-122.549659"/><trkpt lat="37.903950" lon="-122.549718"/><trkpt lat="37.904082" lon="-122.549815"/><trkpt lat="37.904170" lon="-122.549892"/><trkpt lat="37.904229" lon="-122.549976"/><trkpt lat="37.904240" lon="-122.550018"/><trkpt lat="37.904240" lon="-122.550148"/><trkpt lat="37.904252" lon="-122.550322"/><trkpt lat="37.904278" lon="-122.550457"/><trkpt lat="37.904312" lon="-122.550558"/><trkpt lat="37.904325" lon="-122.550583"/><trkpt lat="37.904349" lon="-122.550594"/><trkpt lat="37.904402" lon="-122.550599"/><trkpt lat="37.904483" lon="-122.550590"/><trkpt lat="37.904615" lon="-122.550575"/><trkpt lat="37.904938" lon="-122.550586"/><trkpt lat="37.905029" lon="-122.550604"/><trkpt lat="37.905086" lon="-122.550616"/><trkpt lat="37.905238" lon="-122.549829"/><trkpt lat="37.905258" lon="-122.549760"/><trkpt lat="37.905290" lon="-122.549707"/><trkpt lat="37.905363" lon="-122.549587"/><trkpt lat="37.905676" lon="-122.549084"/><trkpt lat="37.905791" lon="-122.548915"/><trkpt lat="37.905862" lon="-122.548807"/><trkpt lat="37.906101" lon="-122.548446"/><trkpt lat="37.906184" lon="-122.548319"/><trkpt lat="37.906244" lon="-122.548229"/><trkpt lat="37.906297" lon="-122.548150"/><trkpt lat="37.906393" lon="-122.548000"/><trkpt lat="37.906465" lon="-122.547890"/><trkpt lat="37.906555" lon="-122.547769"/><trkpt lat="37.906647" lon="-122.547629"/><trkpt lat="37.906692" lon="-122.547563"/><trkpt lat="37.906664" lon="-122.547489"/><trkpt lat="37.906632" lon="-122.547403"/><trkpt lat="37.906591" lon="-122.547259"/><trkpt lat="37.906581" lon="-122.547181"/><trkpt lat="37.906582" lon="-122.547101"/><trkpt lat="37.906596" lon="-122.546844"/><trkpt lat="37.906632" lon="-122.546506"/><trkpt lat="37.906660" lon="-122.546236"/><trkpt lat="37.906631" lon="-122.546195"/><trkpt lat="37.906414" lon="-122.545886"/><trkpt lat="37.906267" lon="-122.545688"/><trkpt lat="37.906177" lon="-122.545561"/><trkpt lat="37.906097" lon="-122.545448"/><trkpt lat="37.906100" lon="-122.545287"/><trkpt lat="37.906103" lon="-122.545117"/><trkpt lat="37.906102" lon="-122.544999"/><trkpt lat="37.906096" lon="-122.544111"/><trkpt lat="37.906016" lon="-122.544110"/><trkpt lat="37.905401" lon="-122.544098"/><trkpt lat="37.905380" lon="-122.544098"/><trkpt lat="37.905286" lon="-122.544096"/><trkpt lat="37.905265" lon="-122.544063"/><trkpt lat="37.905232" lon="-122.544011"/><trkpt lat="37.905092" lon="-122.543762"/><trkpt lat="37.905085" lon="-122.543748"/><trkpt lat="37.904833" lon="-122.543299"/><trkpt lat="37.904460" lon="-122.542494"/><trkpt lat="37.904349" lon="-122.542248"/><trkpt lat="37.904253" lon="-122.542046"/><trkpt lat="37.904072" lon="-122.541646"/><trkpt lat="37.903968" lon="-122.541421"/><trkpt lat="37.903814" lon="-122.541083"/><trkpt lat="37.903794" lon="-122.541018"/><trkpt lat="37.903780" lon="-122.540929"/><trkpt lat="37.903780" lon="-122.540453"/><trkpt lat="37.903777" lon="-122.539748"/><trkpt lat="37.903774" lon="-122.539458"/><trkpt lat="37.903773" lon="-122.539393"/><trkpt lat="37.903774" lon="-122.539328"/><trkpt lat="37.903775" lon="-122.539119"/><trkpt lat="37.903777" lon="-122.538725"/><trkpt lat="37.903780" lon="-122.538386"/><trkpt lat="37.903778" lon="-122.538141"/><trkpt lat="37.903757" lon="-122.536962"/><trkpt lat="37.903754" lon="-122.536926"/><trkpt lat="37.903749" lon="-122.536885"/><trkpt lat="37.903735" lon="-122.536817"/><trkpt lat="37.903689" lon="-122.536687"/><trkpt lat="37.903597" lon="-122.536491"/><trkpt lat="37.903520" lon="-122.536339"/><trkpt lat="37.902296" lon="-122.533875"/><trkpt lat="37.902244" lon="-122.533756"/><trkpt lat="37.902122" lon="-122.533479"/><trkpt lat="37.902067" lon="-122.533367"/><trkpt lat="37.901766" lon="-122.532666"/><trkpt lat="37.901759" lon="-122.532649"/><trkpt lat="37.901753" lon="-122.532636"/><trkpt lat="37.901730" lon="-122.532582"/><trkpt lat="37.901690" lon="-122.532485"/><trkpt lat="37.901268" lon="-122.531556"/><trkpt lat="37.900995" lon="-122.530932"/><trkpt lat="37.900878" lon="-122.530595"/><trkpt lat="37.900771" lon="-122.530167"/><trkpt lat="37.900697" lon="-122.529835"/><trkpt lat="37.900596" lon="-122.529371"/><trkpt lat="37.900573" lon="-122.529273"/><trkpt lat="37.900561" lon="-122.529231"/><trkpt lat="37.900442" lon="-122.529094"/><trkpt lat="37.900390" lon="-122.528879"/><trkpt lat="37.900380" lon="-122.528835"/><trkpt lat="37.900359" lon="-122.528748"/><trkpt lat="37.900332" lon="-122.528638"/><trkpt lat="37.900324" lon="-122.528579"/><trkpt lat="37.900284" lon="-122.528290"/><trkpt lat="37.900268" lon="-122.528084"/><trkpt lat="37.900271" lon="-122.527930"/><trkpt lat="37.900301" lon="-122.527645"/><trkpt lat="37.900351" lon="-122.527438"/><trkpt lat="37.900386" lon="-122.527329"/><trkpt lat="37.900440" lon="-122.527192"/><trkpt lat="37.900691" lon="-122.526657"/><trkpt lat="37.900750" lon="-122.526516"/><trkpt lat="37.900894" lon="-122.526145"/><trkpt lat="37.900982" lon="-122.525947"/><trkpt lat="37.901200" lon="-122.525535"/><trkpt lat="37.901331" lon="-122.525381"/><trkpt lat="37.901365" lon="-122.525318"/><trkpt lat="37.901400" lon="-122.525258"/><trkpt lat="37.901442" lon="-122.525189"/><trkpt lat="37.901482" lon="-122.525130"/><trkpt lat="37.901515" lon="-122.525085"/><trkpt lat="37.901549" lon="-122.525042"/><trkpt lat="37.901583" lon="-122.525004"/><trkpt lat="37.901620" lon="-122.524964"/><trkpt lat="37.901664" lon="-122.524921"/><trkpt lat="37.901711" lon="-122.524878"/><trkpt lat="37.901754" lon="-122.524842"/><trkpt lat="37.901797" lon="-122.524810"/><trkpt lat="37.901840" lon="-122.524781"/><trkpt lat="37.901879" lon="-122.524756"/><trkpt lat="37.902311" lon="-122.524494"/><trkpt lat="37.902748" lon="-122.524220"/><trkpt lat="37.902811" lon="-122.524179"/><trkpt lat="37.902873" lon="-122.524135"/><trkpt lat="37.902935" lon="-122.524089"/><trkpt lat="37.902982" lon="-122.524051"/><trkpt lat="37.903033" lon="-122.524007"/><trkpt lat="37.903083" lon="-122.523960"/><trkpt lat="37.903129" lon="-122.523913"/><trkpt lat="37.903179" lon="-122.523858"/><trkpt lat="37.903225" lon="-122.523807"/><trkpt lat="37.903270" lon="-122.523752"/><trkpt lat="37.903314" lon="-122.523699"/><trkpt lat="37.903359" lon="-122.523641"/><trkpt lat="37.903403" lon="-122.523581"/><trkpt lat="37.903445" lon="-122.523518"/><trkpt lat="37.903483" lon="-122.523449"/><trkpt lat="37.903517" lon="-122.523379"/><trkpt lat="37.903550" lon="-122.523307"/><trkpt lat="37.903580" lon="-122.523241"/><trkpt lat="37.903614" lon="-122.523160"/><trkpt lat="37.903648" lon="-122.523076"/><trkpt lat="37.903681" lon="-122.522990"/><trkpt lat="37.903709" lon="-122.522908"/><trkpt lat="37.903735" lon="-122.522825"/><trkpt lat="37.903761" lon="-122.522729"/><trkpt lat="37.903784" lon="-122.522631"/><trkpt lat="37.903819" lon="-122.522295"/><trkpt lat="37.903828" lon="-122.522193"/><trkpt lat="37.903833" lon="-122.522104"/><trkpt lat="37.903836" lon="-122.522012"/><trkpt lat="37.903838" lon="-122.521911"/><trkpt lat="37.903839" lon="-122.521817"/><trkpt lat="37.903839" lon="-122.521735"/><trkpt lat="37.903838" lon="-122.521650"/><trkpt lat="37.903837" lon="-122.521568"/><trkpt lat="37.903833" lon="-122.521476"/><trkpt lat="37.903826" lon="-122.521348"/><trkpt lat="37.903818" lon="-122.521235"/><trkpt lat="37.903770" lon="-122.520477"/><trkpt lat="37.903764" lon="-122.520388"/><trkpt lat="37.903758" lon="-122.520309"/><trkpt lat="37.903751" lon="-122.520206"/><trkpt lat="37.903739" lon="-122.520095"/><trkpt lat="37.903725" lon="-122.519979"/><trkpt lat="37.903709" lon="-122.519884"/><trkpt lat="37.903692" lon="-122.519787"/><trkpt lat="37.903672" lon="-122.519687"/><trkpt lat="37.903654" lon="-122.519601"/><trkpt lat="37.903630" lon="-122.519505"/><trkpt lat="37.903602" lon="-122.519396"/><trkpt lat="37.903573" lon="-122.519296"/><trkpt lat="37.903541" lon="-122.519192"/><trkpt lat="37.903536" lon="-122.519175"/><trkpt lat="37.903517" lon="-122.519120"/><trkpt lat="37.903505" lon="-122.519084"/><trkpt lat="37.903469" lon="-122.518988"/><trkpt lat="37.903440" lon="-122.518917"/><trkpt lat="37.903401" lon="-122.518825"/><trkpt lat="37.903234" lon="-122.518457"/><trkpt lat="37.903177" lon="-122.518329"/><trkpt lat="37.903103" lon="-122.518163"/><trkpt lat="37.903041" lon="-122.518021"/><trkpt lat="37.903011" lon="-122.517949"/><trkpt lat="37.902984" lon="-122.517878"/><trkpt lat="37.902961" lon="-122.517809"/><trkpt lat="37.902936" lon="-122.517728"/><trkpt lat="37.902914" lon="-122.517648"/><trkpt lat="37.902894" lon="-122.517572"/><trkpt lat="37.902878" lon="-122.517502"/><trkpt lat="37.902863" lon="-122.517434"/><trkpt lat="37.902848" lon="-122.517357"/><trkpt lat="37.902833" lon="-122.517270"/><trkpt lat="37.902823" lon="-122.517196"/><trkpt lat="37.902814" lon="-122.517122"/><trkpt lat="37.902807" lon="-122.517052"/><trkpt lat="37.902799" lon="-122.516961"/><trkpt lat="37.902789" lon="-122.516805"/><trkpt lat="37.902744" lon="-122.516142"/><trkpt lat="37.902678" lon="-122.515287"/><trkpt lat="37.902665" lon="-122.515118"/><trkpt lat="37.902628" lon="-122.514952"/><trkpt lat="37.902616" lon="-122.514909"/><trkpt lat="37.902602" lon="-122.514867"/><trkpt lat="37.902586" lon="-122.514827"/><trkpt lat="37.902568" lon="-122.514788"/><trkpt lat="37.902548" lon="-122.514752"/><trkpt lat="37.902528" lon="-122.514719"/><trkpt lat="37.902504" lon="-122.514690"/><trkpt lat="37.902474" lon="-122.514659"/><trkpt lat="37.902442" lon="-122.514631"/><trkpt lat="37.902411" lon="-122.514610"/><trkpt lat="37.902378" lon="-122.514591"/><trkpt lat="37.902343" lon="-122.514575"/><trkpt lat="37.902307" lon="-122.514564"/><trkpt lat="37.902272" lon="-122.514557"/><trkpt lat="37.902235" lon="-122.514555"/><trkpt lat="37.902196" lon="-122.514557"/><trkpt lat="37.902157" lon="-122.514564"/><trkpt lat="37.902119" lon="-122.514576"/><trkpt lat="37.902077" lon="-122.514596"/><trkpt lat="37.902036" lon="-122.514623"/><trkpt lat="37.901996" lon="-122.514657"/><trkpt lat="37.901960" lon="-122.514697"/><trkpt lat="37.901930" lon="-122.514741"/><trkpt lat="37.901904" lon="-122.514786"/><trkpt lat="37.901882" lon="-122.514833"/><trkpt lat="37.901877" lon="-122.514847"/><trkpt lat="37.901866" lon="-122.514883"/><trkpt lat="37.901853" lon="-122.514935"/><trkpt lat="37.901845" lon="-122.514987"/><trkpt lat="37.901842" lon="-122.515039"/><trkpt lat="37.901843" lon="-122.515093"/><trkpt lat="37.901848" lon="-122.515144"/><trkpt lat="37.901858" lon="-122.515192"/><trkpt lat="37.901871" lon="-122.515238"/><trkpt lat="37.901887" lon="-122.515283"/><trkpt lat="37.901906" lon="-122.515322"/><trkpt lat="37.901928" lon="-122.515361"/><trkpt lat="37.901953" lon="-122.515395"/><trkpt lat="37.901979" lon="-122.515426"/><trkpt lat="37.902005" lon="-122.515453"/><trkpt lat="37.902034" lon="-122.515479"/><trkpt lat="37.902059" lon="-122.515499"/><trkpt lat="37.902092" lon="-122.515517"/><trkpt lat="37.902126" lon="-122.515530"/><trkpt lat="37.902159" lon="-122.515538"/><trkpt lat="37.902194" lon="-122.515542"/><trkpt lat="37.902233" lon="-122.515543"/><trkpt lat="37.902270" lon="-122.515545"/><trkpt lat="37.902313" lon="-122.515544"/><trkpt lat="37.903609" lon="-122.515558"/><trkpt lat="37.903737" lon="-122.515549"/><trkpt lat="37.903867" lon="-122.515538"/><trkpt lat="37.903994" lon="-122.515528"/><trkpt lat="37.904123" lon="-122.515516"/><trkpt lat="37.904251" lon="-122.515504"/><trkpt lat="37.904378" lon="-122.515491"/><trkpt lat="37.904507" lon="-122.515474"/><trkpt lat="37.904633" lon="-122.515457"/><trkpt lat="37.904764" lon="-122.515435"/><trkpt lat="37.904889" lon="-122.515412"/><trkpt lat="37.905170" lon="-122.515355"/><trkpt lat="37.905541" lon="-122.515267"/><trkpt lat="37.905782" lon="-122.515199"/><trkpt lat="37.905899" lon="-122.515164"/><trkpt lat="37.906019" lon="-122.515123"/><trkpt lat="37.906145" lon="-122.515078"/><trkpt lat="37.906271" lon="-122.515032"/><trkpt lat="37.906393" lon="-122.514986"/><trkpt lat="37.906514" lon="-122.514938"/><trkpt lat="37.906634" lon="-122.514888"/><trkpt lat="37.906756" lon="-122.514836"/><trkpt lat="37.906876" lon="-122.514784"/><trkpt lat="37.907120" lon="-122.514676"/><trkpt lat="37.907912" lon="-122.514328"/><trkpt lat="37.909297" lon="-122.513721"/><trkpt lat="37.909542" lon="-122.513614"/><trkpt lat="37.909784" lon="-122.513510"/><trkpt lat="37.910027" lon="-122.513405"/><trkpt lat="37.910271" lon="-122.513302"/><trkpt lat="37.910511" lon="-122.513203"/><trkpt lat="37.910758" lon="-122.513103"/><trkpt lat="37.911005" lon="-122.513005"/><trkpt lat="37.911253" lon="-122.512910"/><trkpt lat="37.911501" lon="-122.512816"/><trkpt lat="37.911747" lon="-122.512726"/><trkpt lat="37.911997" lon="-122.512636"/><trkpt lat="37.912240" lon="-122.512550"/><trkpt lat="37.912492" lon="-122.512463"/><trkpt lat="37.912739" lon="-122.512381"/><trkpt lat="37.913741" lon="-122.512051"/><trkpt lat="37.915491" lon="-122.511481"/><trkpt lat="37.915614" lon="-122.511442"/><trkpt lat="37.915743" lon="-122.511401"/><trkpt lat="37.915864" lon="-122.511364"/><trkpt lat="37.915988" lon="-122.511325"/><trkpt lat="37.916117" lon="-122.511290"/><trkpt lat="37.916244" lon="-122.511257"/><trkpt lat="37.916374" lon="-122.511226"/><trkpt lat="37.916508" lon="-122.511198"/><trkpt lat="37.916635" lon="-122.511173"/><trkpt lat="37.916766" lon="-122.511149"/><trkpt lat="37.916896" lon="-122.511129"/><trkpt lat="37.917029" lon="-122.511110"/><trkpt lat="37.917159" lon="-122.511094"/><trkpt lat="37.917290" lon="-122.511081"/><trkpt lat="37.917424" lon="-122.511071"/><trkpt lat="37.917554" lon="-122.511065"/><trkpt lat="37.917688" lon="-122.511059"/><trkpt lat="37.917816" lon="-122.511057"/><trkpt lat="37.917950" lon="-122.511057"/><trkpt lat="37.918084" lon="-122.511061"/><trkpt lat="37.918214" lon="-122.511067"/><trkpt lat="37.918345" lon="-122.511075"/><trkpt lat="37.918479" lon="-122.511087"/><trkpt lat="37.918610" lon="-122.511101"/><trkpt lat="37.918740" lon="-122.511117"/><trkpt lat="37.918872" lon="-122.511136"/><trkpt lat="37.919003" lon="-122.511159"/><trkpt lat="37.919133" lon="-122.511184"/><trkpt lat="37.919262" lon="-122.511212"/><trkpt lat="37.919391" lon="-122.511242"/><trkpt lat="37.919519" lon="-122.511274"/><trkpt lat="37.919648" lon="-122.511309"/><trkpt lat="37.919777" lon="-122.511346"/><trkpt lat="37.919905" lon="-122.511386"/><trkpt lat="37.920035" lon="-122.511429"/><trkpt lat="37.920160" lon="-122.511474"/><trkpt lat="37.920288" lon="-122.511522"/><trkpt lat="37.920411" lon="-122.511571"/><trkpt lat="37.920534" lon="-122.511623"/><trkpt lat="37.920662" lon="-122.511679"/><trkpt lat="37.920790" lon="-122.511739"/><trkpt lat="37.920908" lon="-122.511796"/><trkpt lat="37.921152" lon="-122.511924"/><trkpt lat="37.921273" lon="-122.511989"/><trkpt lat="37.922985" lon="-122.512918"/><trkpt lat="37.923686" lon="-122.513298"/><trkpt lat="37.923915" lon="-122.513427"/><trkpt lat="37.924304" lon="-122.513639"/><trkpt lat="37.925152" lon="-122.514105"/><trkpt lat="37.925273" lon="-122.514169"/><trkpt lat="37.925394" lon="-122.514233"/><trkpt lat="37.925517" lon="-122.514296"/><trkpt lat="37.925642" lon="-122.514359"/><trkpt lat="37.925765" lon="-122.514419"/><trkpt lat="37.925887" lon="-122.514477"/><trkpt lat="37.926017" lon="-122.514537"/><trkpt lat="37.926136" lon="-122.514592"/><trkpt lat="37.926261" lon="-122.514646"/><trkpt lat="37.926386" lon="-122.514698"/><trkpt lat="37.926591" lon="-122.514772"/><trkpt lat="37.926639" lon="-122.514798"/><trkpt lat="37.926764" lon="-122.514846"/><trkpt lat="37.926892" lon="-122.514892"/><trkpt lat="37.927019" lon="-122.514938"/><trkpt lat="37.927145" lon="-122.514981"/><trkpt lat="37.927273" lon="-122.515023"/><trkpt lat="37.927401" lon="-122.515063"/><trkpt lat="37.927529" lon="-122.515102"/><trkpt lat="37.927658" lon="-122.515141"/><trkpt lat="37.927786" lon="-122.515177"/><trkpt lat="37.927915" lon="-122.515210"/><trkpt lat="37.928045" lon="-122.515241"/><trkpt lat="37.928176" lon="-122.515272"/><trkpt lat="37.928304" lon="-122.515301"/><trkpt lat="37.928435" lon="-122.515329"/><trkpt lat="37.928565" lon="-122.515355"/><trkpt lat="37.928694" lon="-122.515380"/><trkpt lat="37.928826" lon="-122.515404"/><trkpt lat="37.928957" lon="-122.515427"/><trkpt lat="37.929088" lon="-122.515450"/><trkpt lat="37.931698" lon="-122.515926"/><trkpt lat="37.932737" lon="-122.516116"/><trkpt lat="37.933523" lon="-122.516263"/><trkpt lat="37.935211" lon="-122.516598"/><trkpt lat="37.935357" lon="-122.516627"/><trkpt lat="37.935471" lon="-122.516647"/><trkpt lat="37.935602" lon="-122.516670"/><trkpt lat="37.935732" lon="-122.516688"/><trkpt lat="37.935750" lon="-122.516691"/><trkpt lat="37.935865" lon="-122.516705"/><trkpt lat="37.935995" lon="-122.516719"/><trkpt lat="37.936127" lon="-122.516729"/><trkpt lat="37.936261" lon="-122.516736"/><trkpt lat="37.936392" lon="-122.516739"/><trkpt lat="37.936524" lon="-122.516741"/><trkpt lat="37.936566" lon="-122.516740"/><trkpt lat="37.936657" lon="-122.516739"/><trkpt lat="37.936788" lon="-122.516734"/><trkpt lat="37.936922" lon="-122.516728"/><trkpt lat="37.937051" lon="-122.516718"/><trkpt lat="37.937184" lon="-122.516705"/><trkpt lat="37.937315" lon="-122.516689"/><trkpt lat="37.937447" lon="-122.516669"/><trkpt lat="37.937576" lon="-122.516647"/><trkpt lat="37.937707" lon="-122.516622"/><trkpt lat="37.937837" lon="-122.516595"/><trkpt lat="37.937969" lon="-122.516564"/><trkpt lat="37.938095" lon="-122.516531"/><trkpt lat="37.938226" lon="-122.516496"/><trkpt lat="37.938357" lon="-122.516458"/><trkpt lat="37.938484" lon="-122.516422"/><trkpt lat="37.938611" lon="-122.516384"/><trkpt lat="37.938739" lon="-122.516348"/><trkpt lat="37.939090" lon="-122.516250"/><trkpt lat="37.939148" lon="-122.516233"/><trkpt lat="37.939221" lon="-122.516213"/><trkpt lat="37.939345" lon="-122.516181"/><trkpt lat="37.939473" lon="-122.516149"/><trkpt lat="37.939602" lon="-122.516118"/><trkpt lat="37.939851" lon="-122.516055"/><trkpt lat="37.940338" lon="-122.515931"/><trkpt lat="37.940501" lon="-122.515891"/><trkpt lat="37.941136" lon="-122.515725"/><trkpt lat="37.941900" lon="-122.515528"/><trkpt lat="37.944214" lon="-122.514922"/><trkpt lat="37.944342" lon="-122.514888"/><trkpt lat="37.944470" lon="-122.514852"/><trkpt lat="37.944596" lon="-122.514813"/><trkpt lat="37.944725" lon="-122.514769"/><trkpt lat="37.944849" lon="-122.514726"/><trkpt lat="37.944981" lon="-122.514675"/><trkpt lat="37.945100" lon="-122.514629"/><trkpt lat="37.945225" lon="-122.514576"/><trkpt lat="37.945347" lon="-122.514520"/><trkpt lat="37.945469" lon="-122.514462"/><trkpt lat="37.945592" lon="-122.514402"/><trkpt lat="37.945713" lon="-122.514339"/><trkpt lat="37.945835" lon="-122.514273"/><trkpt lat="37.945955" lon="-122.514204"/><trkpt lat="37.946073" lon="-122.514133"/><trkpt lat="37.946223" lon="-122.514042"/><trkpt lat="37.947986" lon="-122.512972"/><trkpt lat="37.949225" lon="-122.512221"/><trkpt lat="37.949341" lon="-122.512150"/><trkpt lat="37.949459" lon="-122.512079"/><trkpt lat="37.949577" lon="-122.512002"/><trkpt lat="37.949692" lon="-122.511925"/><trkpt lat="37.949807" lon="-122.511841"/><trkpt lat="37.949917" lon="-122.511759"/><trkpt lat="37.950028" lon="-122.511671"/><trkpt lat="37.950137" lon="-122.511578"/><trkpt lat="37.950242" lon="-122.511485"/><trkpt lat="37.950345" lon="-122.511389"/><trkpt lat="37.950449" lon="-122.511287"/><trkpt lat="37.950552" lon="-122.511181"/><trkpt lat="37.950649" lon="-122.511076"/><trkpt lat="37.950742" lon="-122.510970"/><trkpt lat="37.950843" lon="-122.510854"/><trkpt lat="37.951997" lon="-122.509499"/><trkpt lat="37.952094" lon="-122.509389"/><trkpt lat="37.952193" lon="-122.509281"/><trkpt lat="37.952299" lon="-122.509178"/><trkpt lat="37.952409" lon="-122.509083"/><trkpt lat="37.952523" lon="-122.508992"/><trkpt lat="37.952632" lon="-122.508910"/><trkpt lat="37.952752" lon="-122.508831"/><trkpt lat="37.952866" lon="-122.508760"/><trkpt lat="37.952995" lon="-122.508690"/><trkpt lat="37.953118" lon="-122.508632"/><trkpt lat="37.953247" lon="-122.508580"/><trkpt lat="37.953373" lon="-122.508534"/><trkpt lat="37.953501" lon="-122.508493"/><trkpt lat="37.953633" lon="-122.508459"/><trkpt lat="37.953765" lon="-122.508430"/><trkpt lat="37.953895" lon="-122.508411"/><trkpt lat="37.954026" lon="-122.508399"/><trkpt lat="37.954159" lon="-122.508392"/><trkpt lat="37.954292" lon="-122.508391"/><trkpt lat="37.954425" lon="-122.508396"/><trkpt lat="37.954556" lon="-122.508408"/><trkpt lat="37.954685" lon="-122.508428"/><trkpt lat="37.954819" lon="-122.508452"/><trkpt lat="37.957068" lon="-122.508869"/><trkpt lat="37.959843" lon="-122.509399"/><trkpt lat="37.960916" lon="-122.509590"/><trkpt lat="37.961045" lon="-122.509614"/><trkpt lat="37.961177" lon="-122.509640"/><trkpt lat="37.961305" lon="-122.509666"/><trkpt lat="37.961435" lon="-122.509698"/><trkpt lat="37.961561" lon="-122.509735"/><trkpt lat="37.961690" lon="-122.509781"/><trkpt lat="37.961816" lon="-122.509835"/><trkpt lat="37.961941" lon="-122.509897"/><trkpt lat="37.962061" lon="-122.509965"/><trkpt lat="37.962178" lon="-122.510037"/><trkpt lat="37.962293" lon="-122.510120"/><trkpt lat="37.962406" lon="-122.510207"/><trkpt lat="37.962518" lon="-122.510301"/><trkpt lat="37.962626" lon="-122.510401"/><trkpt lat="37.962727" lon="-122.510506"/><trkpt lat="37.962823" lon="-122.510615"/><trkpt lat="37.962916" lon="-122.510727"/><trkpt lat="37.963008" lon="-122.510849"/><trkpt lat="37.963094" lon="-122.510972"/><trkpt lat="37.963175" lon="-122.511096"/><trkpt lat="37.963255" lon="-122.511229"/><trkpt lat="37.963332" lon="-122.511365"/><trkpt lat="37.963787" lon="-122.512185"/><trkpt lat="37.964239" lon="-122.513002"/><trkpt lat="37.964693" lon="-122.513814"/><trkpt lat="37.965145" lon="-122.514623"/><trkpt lat="37.965450" lon="-122.515162"/><trkpt lat="37.965603" lon="-122.515432"/><trkpt lat="37.965761" lon="-122.515702"/><trkpt lat="37.966069" lon="-122.516226"/><trkpt lat="37.967243" lon="-122.518224"/><trkpt lat="37.967672" lon="-122.518820"/><trkpt lat="37.968063" lon="-122.519377"/><trkpt lat="37.968145" lon="-122.519495"/><trkpt lat="37.968236" lon="-122.519621"/><trkpt lat="37.968411" lon="-122.519865"/><trkpt lat="37.968500" lon="-122.519987"/><trkpt lat="37.968591" lon="-122.520110"/><trkpt lat="37.968682" lon="-122.520231"/><trkpt lat="37.968778" lon="-122.520347"/><trkpt lat="37.968874" lon="-122.520452"/><trkpt lat="37.968983" lon="-122.520565"/><trkpt lat="37.969102" lon="-122.520678"/><trkpt lat="37.969206" lon="-122.520771"/><trkpt lat="37.969315" lon="-122.520858"/><trkpt lat="37.969430" lon="-122.520945"/><trkpt lat="37.969546" lon="-122.521025"/><trkpt lat="37.969637" lon="-122.521078"/><trkpt lat="37.969684" lon="-122.521107"/><trkpt lat="37.969754" lon="-122.521153"/><trkpt lat="37.969814" lon="-122.521180"/><trkpt lat="37.969870" lon="-122.521206"/><trkpt lat="37.969921" lon="-122.521228"/><trkpt lat="37.969968" lon="-122.521243"/><trkpt lat="37.970011" lon="-122.521255"/><trkpt lat="37.970074" lon="-122.521261"/><trkpt lat="37.970104" lon="-122.521263"/><trkpt lat="37.970150" lon="-122.521262"/><trkpt lat="37.970191" lon="-122.521259"/><trkpt lat="37.970255" lon="-122.521245"/><trkpt lat="37.970390" lon="-122.521203"/><trkpt lat="37.970476" lon="-122.521175"/><trkpt lat="37.970554" lon="-122.521151"/><trkpt lat="37.970569" lon="-122.521146"/><trkpt lat="37.970698" lon="-122.521110"/><trkpt lat="37.971177" lon="-122.520975"/><trkpt lat="37.971234" lon="-122.520959"/><trkpt lat="37.971318" lon="-122.520933"/><trkpt lat="37.971537" lon="-122.520876"/><trkpt lat="37.971629" lon="-122.520852"/><trkpt lat="37.971770" lon="-122.520815"/><trkpt lat="37.972144" lon="-122.520722"/><trkpt lat="37.972232" lon="-122.520703"/><trkpt lat="37.972246" lon="-122.520785"/><trkpt lat="37.972264" lon="-122.520896"/><trkpt lat="37.972292" lon="-122.521114"/><trkpt lat="37.972318" lon="-122.521312"/><trkpt lat="37.972350" lon="-122.521558"/><trkpt lat="37.972391" lon="-122.521867"/><trkpt lat="37.972404" lon="-122.521966"/><trkpt lat="37.972420" lon="-122.522100"/><trkpt lat="37.972437" lon="-122.522213"/><trkpt lat="37.972441" lon="-122.522243"/><trkpt lat="37.972452" lon="-122.522321"/><trkpt lat="37.972464" lon="-122.522406"/><trkpt lat="37.972468" lon="-122.522429"/><trkpt lat="37.972472" lon="-122.522468"/><trkpt lat="37.972474" lon="-122.522579"/><trkpt lat="37.972480" lon="-122.522627"/><trkpt lat="37.972529" lon="-122.522753"/><trkpt lat="37.972539" lon="-122.522835"/><trkpt lat="37.972550" lon="-122.522923"/><trkpt lat="37.972562" lon="-122.523017"/><trkpt lat="37.972558" lon="-122.523209"/><trkpt lat="37.972599" lon="-122.523474"/><trkpt lat="37.972629" lon="-122.523739"/><trkpt lat="37.972641" lon="-122.523833"/><trkpt lat="37.972654" lon="-122.523940"/><trkpt lat="37.972701" lon="-122.524303"/><trkpt lat="37.972716" lon="-122.524425"/><trkpt lat="37.972746" lon="-122.524634"/><trkpt lat="37.972778" lon="-122.524888"/><trkpt lat="37.972790" lon="-122.524973"/><trkpt lat="37.972802" lon="-122.525069"/><trkpt lat="37.972846" lon="-122.525379"/><trkpt lat="37.972897" lon="-122.525755"/><trkpt lat="37.972929" lon="-122.525991"/><trkpt lat="37.972940" lon="-122.526068"/><trkpt lat="37.972951" lon="-122.526158"/><trkpt lat="37.972969" lon="-122.526308"/><trkpt lat="37.973014" lon="-122.526764"/><trkpt lat="37.973036" lon="-122.526994"/><trkpt lat="37.973045" lon="-122.527085"/><trkpt lat="37.973056" lon="-122.527200"/><trkpt lat="37.973080" lon="-122.527449"/><trkpt lat="37.973108" lon="-122.527736"/><trkpt lat="37.973129" lon="-122.527951"/><trkpt lat="37.973147" lon="-122.528117"/><trkpt lat="37.973159" lon="-122.528230"/><trkpt lat="37.973169" lon="-122.528341"/><trkpt lat="37.973183" lon="-122.528513"/><trkpt lat="37.973202" lon="-122.528722"/><trkpt lat="37.973254" lon="-122.529242"/><trkpt lat="37.973278" lon="-122.529482"/><trkpt lat="37.973367" lon="-122.530433"/><trkpt lat="37.973395" lon="-122.530737"/><trkpt lat="37.973427" lon="-122.531057"/><trkpt lat="37.973520" lon="-122.532009"/><trkpt lat="37.973560" lon="-122.532427"/><trkpt lat="37.973613" lon="-122.532860"/><trkpt lat="37.973652" lon="-122.533181"/><trkpt lat="37.973662" lon="-122.533264"/><trkpt lat="37.973671" lon="-122.533358"/><trkpt lat="37.973697" lon="-122.533614"/><trkpt lat="37.973738" lon="-122.534026"/><trkpt lat="37.973769" lon="-122.534351"/><trkpt lat="37.973781" lon="-122.534473"/><trkpt lat="37.973790" lon="-122.534547"/><trkpt lat="37.973810" lon="-122.534739"/><trkpt lat="37.973826" lon="-122.534898"/><trkpt lat="37.973857" lon="-122.535223"/><trkpt lat="37.973879" lon="-122.535435"/><trkpt lat="37.973888" lon="-122.535527"/><trkpt lat="37.973904" lon="-122.535688"/><trkpt lat="37.973974" lon="-122.536375"/><trkpt lat="37.973981" lon="-122.536444"/><trkpt lat="37.973987" lon="-122.536512"/><trkpt lat="37.974019" lon="-122.536846"/><trkpt lat="37.974029" lon="-122.536937"/><trkpt lat="37.974043" lon="-122.537066"/><trkpt lat="37.974070" lon="-122.537351"/><trkpt lat="37.974077" lon="-122.537426"/><trkpt lat="37.974085" lon="-122.537504"/><trkpt lat="37.974149" lon="-122.538104"/><trkpt lat="37.974157" lon="-122.538171"/><trkpt lat="37.974160" lon="-122.538198"/><trkpt lat="37.974171" lon="-122.538297"/><trkpt lat="37.974173" lon="-122.538325"/><trkpt lat="37.974197" lon="-122.538566"/><trkpt lat="37.974204" lon="-122.538645"/><trkpt lat="37.974206" lon="-122.538663"/><trkpt lat="37.974211" lon="-122.538737"/><trkpt lat="37.974261" lon="-122.539402"/><trkpt lat="37.974256" lon="-122.539675"/><trkpt lat="37.974231" lon="-122.539998"/><trkpt lat="37.974228" lon="-122.540093"/><trkpt lat="37.974199" lon="-122.540647"/><trkpt lat="37.974232" lon="-122.540962"/><trkpt lat="37.974233" lon="-122.540980"/><trkpt lat="37.974275" lon="-122.541169"/><trkpt lat="37.974306" lon="-122.541343"/><trkpt lat="37.974380" lon="-122.541634"/><trkpt lat="37.974490" lon="-122.542058"/><trkpt lat="37.974526" lon="-122.542203"/><trkpt lat="37.974553" lon="-122.542337"/><trkpt lat="37.974584" lon="-122.542447"/><trkpt lat="37.974705" lon="-122.542800"/><trkpt lat="37.975009" lon="-122.543971"/><trkpt lat="37.975072" lon="-122.544212"/><trkpt lat="37.975083" lon="-122.544255"/><trkpt lat="37.975104" lon="-122.544338"/><trkpt lat="37.975261" lon="-122.545016"/><trkpt lat="37.975317" lon="-122.545263"/><trkpt lat="37.975372" lon="-122.545500"/><trkpt lat="37.975436" lon="-122.545793"/><trkpt lat="37.975553" lon="-122.546314"/><trkpt lat="37.975666" lon="-122.546806"/><trkpt lat="37.975683" lon="-122.546885"/><trkpt lat="37.975765" lon="-122.547268"/><trkpt lat="37.975813" lon="-122.547483"/><trkpt lat="37.975874" lon="-122.547746"/><trkpt lat="37.975981" lon="-122.548244"/><trkpt lat="37.976025" lon="-122.548455"/><trkpt lat="37.976172" lon="-122.549124"/><trkpt lat="37.976230" lon="-122.549481"/><trkpt lat="37.976284" lon="-122.549807"/><trkpt lat="37.976320" lon="-122.550010"/><trkpt lat="37.976383" lon="-122.550347"/><trkpt lat="37.976434" lon="-122.550649"/><trkpt lat="37.976472" lon="-122.550918"/><trkpt lat="37.976523" lon="-122.551288"/><trkpt lat="37.976532" lon="-122.551353"/><trkpt lat="37.976584" lon="-122.551733"/><trkpt lat="37.976633" lon="-122.552090"/><trkpt lat="37.976649" lon="-122.552205"/><trkpt lat="37.976739" lon="-122.552902"/><trkpt lat="37.976748" lon="-122.553496"/><trkpt lat="37.976745" lon="-122.553518"/><trkpt lat="37.976684" lon="-122.554036"/><trkpt lat="37.976650" lon="-122.554325"/><trkpt lat="37.976637" lon="-122.554436"/><trkpt lat="37.976586" lon="-122.554754"/><trkpt lat="37.976477" lon="-122.555443"/><trkpt lat="37.976510" lon="-122.557223"/><trkpt lat="37.976515" lon="-122.557386"/><trkpt lat="37.976518" lon="-122.557582"/><trkpt lat="37.976522" lon="-122.557757"/><trkpt lat="37.976530" lon="-122.558189"/><trkpt lat="37.976531" lon="-122.558259"/><trkpt lat="37.976537" lon="-122.558546"/><trkpt lat="37.976538" lon="-122.558608"/><trkpt lat="37.976545" lon="-122.558974"/><trkpt lat="37.976553" lon="-122.559397"/><trkpt lat="37.976559" lon="-122.559695"/><trkpt lat="37.976569" lon="-122.560224"/><trkpt lat="37.976582" lon="-122.560890"/><trkpt lat="37.976575" lon="-122.561124"/><trkpt lat="37.976571" lon="-122.561215"/><trkpt lat="37.976566" lon="-122.561298"/><trkpt lat="37.976559" lon="-122.561380"/><trkpt lat="37.976542" lon="-122.561527"/><trkpt lat="37.976533" lon="-122.561615"/><trkpt lat="37.976517" lon="-122.561759"/><trkpt lat="37.976504" lon="-122.561878"/><trkpt lat="37.976505" lon="-122.562241"/><trkpt lat="37.976530" lon="-122.562449"/><trkpt lat="37.976531" lon="-122.562571"/><trkpt lat="37.976558" lon="-122.562736"/><trkpt lat="37.976568" lon="-122.562766"/><trkpt lat="37.976585" lon="-122.562811"/><trkpt lat="37.976653" lon="-122.562998"/><trkpt lat="37.976686" lon="-122.563090"/><trkpt lat="37.976793" lon="-122.563335"/><trkpt lat="37.976888" lon="-122.563478"/><trkpt lat="37.976900" lon="-122.563496"/><trkpt lat="37.976924" lon="-122.563522"/><trkpt lat="37.976990" lon="-122.563593"/><trkpt lat="37.977034" lon="-122.563658"/><trkpt lat="37.977104" lon="-122.563744"/><trkpt lat="37.977126" lon="-122.563806"/><trkpt lat="37.977135" lon="-122.563858"/><trkpt lat="37.977139" lon="-122.563922"/><trkpt lat="37.977136" lon="-122.564169"/><trkpt lat="37.977136" lon="-122.564305"/><trkpt lat="37.977134" lon="-122.564324"/><trkpt lat="37.977124" lon="-122.564468"/><trkpt lat="37.977109" lon="-122.564562"/><trkpt lat="37.977107" lon="-122.564634"/><trkpt lat="37.977107" lon="-122.564684"/><trkpt lat="37.977120" lon="-122.564806"/><trkpt lat="37.977134" lon="-122.564909"/><trkpt lat="37.977571" lon="-122.567376"/><trkpt lat="37.977600" lon="-122.567541"/><trkpt lat="37.977622" lon="-122.567668"/><trkpt lat="37.977810" lon="-122.568683"/><trkpt lat="37.977879" lon="-122.568928"/><trkpt lat="37.977955" lon="-122.569106"/><trkpt lat="37.979364" lon="-122.571771"/><trkpt lat="37.979402" lon="-122.571847"/><trkpt lat="37.979450" lon="-122.571944"/><trkpt lat="37.980918" lon="-122.574732"/><trkpt lat="37.982053" lon="-122.576819"/><trkpt lat="37.982478" lon="-122.577542"/><trkpt lat="37.984342" lon="-122.580427"/><trkpt lat="37.984742" lon="-122.581045"/><trkpt lat="37.985402" lon="-122.582059"/><trkpt lat="37.985708" lon="-122.582541"/><trkpt lat="37.985745" lon="-122.582632"/><trkpt lat="37.985787" lon="-122.582753"/><trkpt lat="37.985798" lon="-122.582780"/><trkpt lat="37.985818" lon="-122.582828"/><trkpt lat="37.985873" lon="-122.582970"/><trkpt lat="37.985928" lon="-122.583126"/><trkpt lat="37.986011" lon="-122.583421"/><trkpt lat="37.986074" lon="-122.583685"/><trkpt lat="37.986251" lon="-122.584359"/><trkpt lat="37.986318" lon="-122.584578"/><trkpt lat="37.986453" lon="-122.584908"/><trkpt lat="37.986516" lon="-122.585060"/><trkpt lat="37.986560" lon="-122.585169"/><trkpt lat="37.986570" lon="-122.585196"/><trkpt lat="37.986663" lon="-122.585528"/><trkpt lat="37.986751" lon="-122.585945"/><trkpt lat="37.986814" lon="-122.586380"/><trkpt lat="37.986883" lon="-122.587204"/><trkpt lat="37.986901" lon="-122.587323"/><trkpt lat="37.986915" lon="-122.587439"/><trkpt lat="37.986918" lon="-122.587476"/><trkpt lat="37.986937" lon="-122.587679"/><trkpt lat="37.987001" lon="-122.588369"/><trkpt lat="37.987005" lon="-122.588408"/><trkpt lat="37.987042" lon="-122.588806"/><trkpt lat="37.987053" lon="-122.588915"/><trkpt lat="37.987070" lon="-122.589026"/><trkpt lat="37.987107" lon="-122.589397"/><trkpt lat="37.987126" lon="-122.589528"/><trkpt lat="37.987319" lon="-122.589502"/><trkpt lat="37.987402" lon="-122.589489"/><trkpt lat="37.987389" lon="-122.589319"/><trkpt lat="37.987382" lon="-122.589229"/><trkpt lat="37.987233" lon="-122.589244"/><trkpt lat="37.987167" lon="-122.588491"/></trkseg></trk></gpx>